Symbol,Company Name,Industry,Prior Close,5 Day Chg_x,4 Week Chg_x,52 Week Chg,Refinitiv,Argus Analyst,Argus A6 Quantitative,MarketEdge,Morgan Stanley,SmartConsensus,TipRanks Analyst Consensus,TipRanks Blogger Sentiment,Vs. S&P 500 4 Weeks,Vs. S&P 500 13 Weeks,Vs. S&P 500 52 Weeks,P/E Ratio (TTM)*,Price/Sales Ratio,Price/Book Ratio,Price/Cash Flow,Debt to Capital,Return on Equity,Return on Assets,EPS Growth CFY*,EPS Growth NFY*,Revenue Growth CFY*,Revenue Growth NFY*,Dividend Yield,Dividend Growth 5 Year
AAON,Aaon Inc,"Machinery, Equipment & Components",88.79,-4.01%,13.00%,-4.00%,0,0,0.0,1.0,0,0.0,1.0,1.0,9.31%,-5.37%,19.25%,52.53x,6.45x,9.96x,35.81x,24.77x,19.85%,14.10%,6.93%,37.50%,18.57%,16.61%,0.40%,8.45%
ANF,Abercrombie & Fitch Co,Other Specialty Retailers,70.67,-3.64%,-6.00%,-41.00%,0,0,0.0,0.5,0,0.0,0.5,1.0,-1.37%,-22.07%,-50.85%,7.17x,0.74x,2.86x,5.02x,0.00x,47.77%,18.30%,-2.53%,3.17%,3.38%,3.01%,0.00%,0.00%
ACHC,Acadia Healthcare Company Inc,Healthcare Providers & Services,22.18,-10.45%,-26.00%,-70.00%,0,0,0.0,0.5,0,0.0,0.5,0.0,-2.81%,-40.88%,-68.53%,11.27x,0.67x,0.68x,5.96x,40.96x,6.35%,3.34%,-20.30%,12.55%,5.72%,8.53%,0.00%,0.00%
AYI,Acuity Inc,Homebuilding & Construction Supplies,242.42,-3.47%,-7.00%,-4.00%,1,0,0.0,0.5,1,0.0,0.5,1.0,1.20%,-14.45%,-9.52%,19.89x,2.05x,3.23x,15.76x,30.32x,17.86%,10.29%,8.93%,12.74%,13.15%,10.29%,0.26%,1.49%
WMS^J13,Advanced Drainage Systems Inc,Homebuilding & Construction Supplies,112.64,-5.56%,3.00%,-32.00%,0,0,0.0,1.0,0,0.0,1.0,1.0,-6.22%,-1.09%,-43.05%,19.28x,2.97x,5.32x,13.63x,46.57x,31.26%,12.89%,-0.17%,11.39%,1.84%,3.86%,0.65%,12.20%
ACM,Aecom,Construction & Engineering,97.44,-0.84%,5.00%,3.00%,0,1,0.0,1.0,0,1.0,1.0,1.0,3.23%,12.77%,9.30%,22.96x,0.89x,6.20x,16.45x,50.60x,28.07%,5.93%,13.94%,9.90%,2.24%,5.98%,0.97%,0.00%
AMG,Affiliated Managers Group Inc,Investment Banking & Investment Services,163.16,-3.02%,-3.00%,1.00%,1,0,1.0,1.0,0,1.0,0.5,1.0,1.05%,9.22%,0.68%,14.52x,2.45x,1.59x,6.57x,36.99x,12.81%,7.23%,19.03%,12.75%,2.52%,4.34%,0.02%,-50.00%
AGCO,Agco Corp,"Machinery, Equipment & Components",85.23,-2.91%,-10.00%,-28.00%,0,0,0.0,1.0,-1,0.0,0.5,1.0,12.38%,5.63%,-14.10%,0,0.71x,2.01x,0.00x,41.70x,-13.60%,-5.51%,-44.13%,46.30%,-17.30%,5.66%,1.13%,12.99%
ADC,Agree Realty Corp,Residential & Commercial REITs,76.43,0.78%,-1.00%,31.00%,0,0,1.0,-1.0,1,0.0,0.5,1.0,-8.32%,9.34%,12.44%,42.00x,12.87x,1.50x,20.55x,34.35x,3.50%,2.30%,3.37%,11.41%,10.54%,9.80%,4.12%,5.92%
ALK,Alaska Air Group Inc,Passenger Transportation Services,43.02,-5.42%,-17.00%,-5.00%,0,0,1.0,0.5,1,0.0,1.0,1.0,13.34%,-30.37%,4.41%,18.19x,0.48x,1.49x,6.01x,54.03x,8.90%,2.08%,-18.28%,60.55%,21.65%,6.91%,0.00%,0.00%
AA,Alcoa Corp,Metals & Mining,25.56,-2.41%,-16.00%,-30.00%,0,1,0.0,0.5,1,0.0,0.5,1.0,-0.65%,-21.34%,-39.70%,8.31x,0.57x,1.25x,4.80x,31.27x,17.53%,6.08%,158.52%,-19.20%,4.28%,-1.09%,1.43%,0.00%
ALGM,Allegro MicroSystems Inc,Semiconductors & Semiconductor Equipment ,19.23,-4.11%,-23.00%,-36.00%,0,0,0.0,1.0,0,0.0,1.0,0.0,28.91%,-1.73%,-22.17%,0,6.17x,5.11x,897.93x,28.70x,-6.32%,-4.33%,0.00%,0.00%,0.00%,0.00%,0.00%,0.00%
ALE,ALLETE Inc,Electrical Utilities & IPPs,65.25,-0.20%,-1.00%,10.00%,0,0,1.0,0.5,0,0.0,0.0,1.0,-6.60%,3.90%,-6.30%,20.36x,2.47x,1.31x,9.35x,36.25x,6.49%,1.77%,23.87%,9.90%,1.26%,5.62%,4.50%,3.71%
ALLY,Ally Financial Inc,Banking Services,0.00,-5.09%,0.00%,0.00%,1,0,1.0,0.0,1,0.0,,,-4.02%,-8.71%,-21.17%,0.00x,1.23x,0.88x,7.34x,0.00x,1.52%,0.15%,48.09%,55.75%,-2.78%,14.76%,3.54%,12.03%
AMED,Amedisys Inc,Healthcare Providers & Services,94.69,-0.17%,2.00%,3.00%,0,0,0.0,1.0,0,0.0,0.0,0.0,-6.82%,7.56%,-12.17%,34.62x,1.29x,2.56x,20.95x,22.93x,7.85%,4.00%,10.65%,9.00%,4.26%,5.57%,0.00%,0.00%
AAL,American Airlines Group Inc,Passenger Transportation Services,9.85,-3.06%,-9.00%,-30.00%,0,0,-1.0,0.5,1,0.0,0.5,1.0,11.37%,-24.73%,-26.55%,14.83x,0.14x,0.00x,2.58x,118.08x,0.00%,1.08%,-53.57%,124.18%,0.73%,6.01%,0.00%,0.00%
AFG,American Financial Group Inc,Insurance,127.31,-2.25%,-3.00%,-1.00%,1,0,0.0,-1.0,0,1.0,0.0,1.0,-11.74%,6.93%,-12.26%,12.76x,1.24x,2.31x,11.50x,25.15x,18.51%,2.65%,-3.63%,14.38%,0.28%,7.01%,2.64%,12.17%
AMH,American Homes 4 Rent,Residential & Commercial REITs,37.22,-1.72%,-2.00%,1.00%,0,0,0.0,1.0,1,0.0,0.5,1.0,-4.39%,10.35%,-6.01%,34.92x,7.89x,1.95x,14.84x,38.58x,5.62%,3.60%,-37.96%,7.46%,5.84%,5.14%,3.19%,24.02%
AMKR,Amkor Technology Inc,Semiconductors & Semiconductor Equipment ,17.48,-6.07%,-4.00%,-43.00%,0,0,1.0,0.5,0,0.0,0.5,1.0,1.01%,-14.85%,-48.06%,14.67x,0.74x,1.11x,5.02x,22.30x,7.76%,4.67%,-24.48%,38.89%,-0.72%,6.39%,1.77%,0.00%
NLY,Annaly Capital Management Inc,Residential & Commercial REITs,19.49,-4.97%,-7.00%,2.00%,0,1,1.0,-1.0,0,0.0,0.5,1.0,-7.06%,-9.74%,-14.46%,21.30x,2.05x,0.98x,20.42x,87.14x,4.77%,0.69%,6.67%,1.39%,8.41%,0.30%,14.95%,-9.99%
AM^H13,Antero Midstream Corp,Oil & Gas Related Equipment and Services,17.03,-1.86%,-6.00%,19.00%,0,0,0.0,1.0,-1,0.0,-0.5,1.0,2.29%,16.98%,14.56%,21.52x,7.93x,4.25x,14.22x,59.83x,19.68%,7.26%,0.00%,0.00%,0.00%,0.00%,4.86%,-5.98%
AR,Antero Resources Corp,Oil & Gas,35.93,-2.93%,-11.00%,5.00%,-1,0,0.0,1.0,1,0.0,0.5,1.0,6.14%,3.50%,4.00%,54.92x,2.66x,1.69x,11.66x,14.82x,3.21%,1.99%,817.65%,28.21%,26.45%,5.94%,0.00%,0.00%
APPF,AppFolio Inc,Software & IT Services,201.49,-1.93%,-13.00%,-21.00%,1,0,0.0,1.0,0,0.0,0.5,1.0,-16.65%,0.95%,-20.21%,38.90x,9.10x,16.24x,34.53x,0.00x,49.11%,39.22%,18.99%,17.69%,17.03%,16.18%,0.00%,0.00%
AIT,Applied Industrial Technologies Inc,"Machinery, Equipment & Components",238.38,-3.83%,6.00%,32.00%,1,0,0.0,1.0,0,1.0,1.0,1.0,-12.35%,-11.39%,1.87%,22.39x,1.89x,4.66x,18.76x,23.85x,22.23%,13.02%,1.12%,7.14%,1.33%,6.46%,0.82%,3.37%
ATR,Aptargroup Inc,Containers & Packaging,149.70,1.10%,1.00%,4.00%,1,0,1.0,1.0,0,1.0,1.0,1.0,-2.90%,11.83%,-4.36%,28.65x,2.91x,4.08x,16.29x,28.29x,15.15%,8.25%,4.61%,9.83%,3.25%,5.24%,1.15%,3.91%
ARMK,Aramark,Hotels & Entertainment Services,33.02,1.43%,-4.00%,2.00%,1,0,0.0,1.0,0,1.0,1.0,1.0,10.61%,10.45%,9.01%,29.95x,0.58x,3.38x,12.75x,68.29x,11.77%,2.67%,25.16%,17.53%,7.04%,5.23%,1.08%,-2.89%
ARW,Arrow Electronics Inc,Semiconductors & Semiconductor Equipment ,112.97,-1.19%,8.00%,-13.00%,0,0,0.0,1.0,0,0.0,-0.5,1.0,-0.19%,11.21%,-19.00%,16.40x,0.22x,1.04x,11.29x,32.16x,6.68%,1.87%,-2.08%,45.55%,4.39%,5.94%,0.00%,0.00%
ASGN,ASGN Inc,Software & IT Services,51.06,-3.20%,-18.00%,-47.00%,0,0,0.0,0.5,0,0.0,0.5,1.0,-1.67%,-18.84%,-49.36%,15.51x,0.59x,1.33x,9.30x,41.70x,8.65%,4.40%,-14.94%,15.54%,-3.76%,3.31%,0.00%,0.00%
ASH,Ashland Inc,Chemicals,53.41,-3.14%,-10.00%,-45.00%,0,1,0.0,0.5,0,0.0,0.5,1.0,-11.99%,-19.91%,-54.36%,0,1.17x,0.89x,16.45x,35.13x,-3.02%,-1.54%,-12.58%,22.62%,-12.34%,2.47%,3.32%,8.52%
ASB,Associated Banc-Corp,Banking Services,22.47,-5.10%,0.00%,4.00%,0,0,0.0,1.0,0,0.0,0.0,1.0,-1.60%,-3.71%,-2.35%,27.09x,3.61x,0.85x,19.99x,0.00x,3.10%,0.34%,6.30%,7.11%,10.83%,5.79%,3.99%,5.22%
ATI,ATI Inc,Aerospace & Defense,53.85,0.17%,4.00%,3.00%,0,0,-1.0,1.0,0,0.0,1.0,1.0,34.52%,29.20%,15.03%,27.19x,2.38x,5.66x,18.56x,48.85x,25.42%,8.32%,21.14%,25.17%,6.44%,7.64%,0.00%,0.00%
ALV,Autoliv Inc,Automobiles & Auto Parts,92.11,-0.30%,2.00%,-25.00%,1,0,0.0,1.0,0,1.0,1.0,1.0,2.46%,6.33%,-26.85%,11.61x,0.75x,3.31x,7.23x,47.13x,28.70%,8.38%,5.17%,19.89%,-2.22%,3.93%,2.78%,2.01%
AN,AutoNation Inc,Other Specialty Retailers,171.71,-5.30%,10.00%,3.00%,0,1,0.0,1.0,1,1.0,0.5,1.0,-2.20%,-0.03%,-2.70%,10.70x,0.25x,2.85x,7.39x,67.73x,28.45%,5.34%,6.36%,6.84%,1.48%,2.51%,0.00%,0.00%
AVTR,Avantor Inc,Healthcare Equipment & Supplies,12.49,0.16%,-20.00%,-46.00%,0,0,1.0,0.5,0,-1.0,0.5,1.0,-22.11%,-23.00%,-52.86%,12.25x,1.31x,1.44x,7.82x,40.24x,12.52%,5.70%,0.00%,0.00%,0.00%,0.00%,0.00%,0.00%
AVNT,Avient Corp,Chemicals,33.28,-4.87%,-10.00%,-23.00%,0,0,-1.0,0.5,0,0.0,0.5,1.0,0.74%,-13.95%,-26.65%,33.38x,1.02x,1.44x,11.72x,47.20x,4.33%,1.73%,4.89%,12.54%,1.03%,4.10%,2.99%,5.72%
CAR,Avis Budget Group Inc,Passenger Transportation Services,94.60,11.43%,26.00%,-7.00%,0,0,0.0,1.0,1,0.0,0.5,1.0,20.96%,31.41%,-5.88%,0,0.36x,0.00x,3.50x,113.80x,0.00%,-7.06%,-46.72%,23.31%,-0.72%,2.08%,0.00%,0.00%
AVT,Avnet Inc,Electronic Equipment & Parts,51.70,-2.75%,10.00%,4.00%,1,0,0.0,1.0,0,0.0,-0.5,,-8.89%,0.05%,-16.82%,14.07x,0.19x,0.87x,10.71x,35.07x,6.42%,2.64%,-37.45%,50.90%,-7.68%,3.46%,2.63%,9.16%
AXTA,Axalta Coating Systems Ltd,Chemicals,31.74,-2.50%,-3.00%,2.00%,1,0,0.0,0.5,0,0.0,0.5,1.0,-8.18%,-10.99%,-18.71%,15.46x,1.32x,3.32x,9.41x,61.70x,23.59%,6.22%,7.66%,9.88%,0.36%,3.45%,0.00%,0.00%
OZK,Bank Ozk,Banking Services,43.05,-3.79%,-2.00%,-7.00%,1,0,0.0,1.0,0,0.0,0.0,1.0,-1.49%,-5.18%,-15.36%,7.32x,3.03x,0.93x,6.46x,0.00x,13.37%,1.90%,-1.14%,6.92%,2.13%,5.31%,3.85%,10.94%
BBWI,Bath & Body Works Inc,Other Specialty Retailers,31.22,-7.62%,-4.00%,-36.00%,0,0,0.0,0.5,1,-1.0,1.0,1.0,-0.97%,-18.54%,-41.47%,8.58x,0.91x,0.00x,6.19x,155.30x,0.00%,15.44%,0.00%,0.00%,0.00%,0.00%,2.55%,-7.79%
BDC,Belden Inc,Communications & Networking,102.25,-3.25%,1.00%,22.00%,1,0,0.0,1.0,0,1.0,1.0,1.0,0.28%,-0.21%,2.22%,20.90x,1.68x,3.51x,12.90x,49.31x,17.92%,6.67%,11.95%,9.41%,7.52%,5.02%,0.18%,0.00%
BRBR,Bellring Brands Inc,Food & Tobacco,75.04,-5.66%,1.00%,33.00%,1,0,0.0,-1.0,1,-1.0,0.5,1.0,-23.90%,-14.39%,-5.67%,28.29x,3.51x,0.00x,25.71x,136.32x,0.00%,32.82%,0.00%,0.00%,0.00%,0.00%,0.00%,0.00%
BILL,BILL Holdings Inc,Software & IT Services,45.32,-5.94%,-2.00%,-28.00%,0,0,0.0,1.0,1,0.0,0.5,1.0,-7.73%,-18.40%,-27.52%,121.61x,3.19x,1.17x,34.38x,30.68x,0.97%,0.41%,-2.36%,3.86%,12.77%,12.44%,0.00%,0.00%
BIO,Bio Rad Laboratories Inc,Healthcare Equipment & Supplies,240.17,-6.60%,0.00%,-12.00%,0,0,0.0,0.5,0,0.0,0.5,0.0,-14.61%,-16.73%,-29.30%,0,2.55x,0.94x,0.00x,15.25x,-27.51%,-19.55%,0.00%,0.00%,0.00%,0.00%,0.00%,0.00%
BMRN,Biomarin Pharmaceutical Inc,Pharmaceuticals,62.98,-0.45%,-11.00%,-22.00%,-1,0,1.0,-1.0,1,0.0,1.0,1.0,-13.19%,-11.62%,-31.07%,21.53x,3.77x,1.92x,18.09x,9.32x,9.64%,7.47%,56.56%,24.57%,10.03%,9.98%,0.00%,0.00%
BJ^J11,BJ's Wholesale Club Holdings Inc,Diversified Retail,115.04,4.11%,0.00%,46.00%,0,0,1.0,1.0,0,0.0,0.5,1.0,-3.18%,17.22%,30.89%,26.96x,0.74x,7.74x,18.20x,21.78x,32.76%,8.20%,0.00%,0.00%,0.00%,0.00%,0.00%,0.00%
BKH,Black Hills Corp,Multiline Utilities,60.83,-1.89%,0.00%,12.00%,0,0,0.0,-1.0,0,-1.0,0.0,1.0,-10.75%,2.47%,-6.01%,14.70x,1.89x,1.15x,7.43x,53.70x,8.02%,2.92%,4.60%,5.38%,3.89%,3.25%,4.70%,4.87%
BLKB,Blackbaud Inc,Software & IT Services,63.85,-3.35%,3.00%,-18.00%,1,0,0.0,0.5,0,0.0,0.0,1.0,-8.71%,-2.46%,-29.64%,0,2.61x,90.20x,0.00x,97.32x,-99.98%,-12.19%,3.69%,8.29%,-3.23%,4.05%,0.00%,0.00%
SAM,Boston Beer Company Inc,Beverages,238.01,-4.70%,4.00%,-12.00%,0,0,0.0,1.0,0,0.0,0.0,,-9.38%,8.82%,-20.42%,38.42x,1.28x,2.91x,15.81x,0.00x,7.36%,5.45%,-1.48%,19.27%,1.75%,2.63%,0.00%,0.00%
BYD,Boyd Gaming Corp,Hotels & Entertainment Services,69.28,-2.77%,4.00%,30.00%,0,1,0.0,1.0,0,1.0,0.5,0.0,4.25%,-3.31%,24.79%,11.98x,1.51x,4.45x,7.15x,72.23x,35.62%,8.70%,0.15%,7.16%,0.72%,2.13%,0.98%,0.00%
BHF,Brighthouse Financial Inc,Insurance,54.41,-1.56%,-5.00%,12.00%,0,0,1.0,1.0,-1,0.0,0.0,0.0,2.44%,-0.53%,20.79%,7.18x,0.48x,0.65x,0.00x,37.30x,10.83%,0.26%,-11.96%,13.64%,1.27%,2.08%,0.00%,0.00%
BCO,Brinks Co,Professional & Commercial Services  ,88.73,-5.76%,3.00%,1.00%,1,0,0.0,0.5,0,0.0,0.5,1.0,-13.90%,-5.38%,-23.68%,22.53x,0.70x,17.30x,7.50x,92.19x,54.50%,2.64%,-2.72%,20.27%,2.89%,4.44%,1.22%,9.57%
BRX,Brixmor Property Group Inc,Residential & Commercial REITs,26.01,-5.05%,-1.00%,19.00%,0,0,1.0,-1.0,0,0.0,0.5,1.0,-9.26%,-5.31%,1.24%,23.71x,5.84x,2.57x,10.35x,63.34x,10.99%,3.71%,-18.92%,7.78%,4.64%,4.37%,4.63%,-0.36%
BRKR,Bruker Corp,Healthcare Equipment & Supplies,39.66,-0.95%,-7.00%,-52.00%,0,0,0.0,0.5,0,0.0,0.5,1.0,-12.45%,-28.09%,-57.83%,69.20x,1.60x,3.03x,19.69x,53.31x,4.92%,1.53%,1.66%,13.06%,4.35%,4.19%,0.55%,4.56%
BC,Brunswick Corp,Leisure Products,46.50,-1.44%,-12.00%,-42.00%,-1,0,0.0,0.5,0,-1.0,0.5,1.0,0.58%,-16.16%,-42.45%,34.26x,0.66x,1.80x,8.62x,57.02x,5.16%,1.64%,-31.07%,32.70%,-3.13%,5.63%,3.36%,14.07%
BURL,Burlington Stores Inc,Other Specialty Retailers,222.58,-2.19%,-6.00%,21.00%,1,0,0.0,1.0,1,0.0,1.0,1.0,10.08%,12.12%,27.09%,33.35x,1.53x,11.96x,19.17x,55.52x,42.55%,6.11%,13.83%,20.22%,8.21%,9.65%,0.00%,0.00%
BWXT,BWX Technologies Inc,Aerospace & Defense,108.51,-1.11%,10.00%,14.00%,1,0,0.0,1.0,0,1.0,0.5,1.0,-6.38%,7.51%,10.24%,34.22x,3.53x,8.94x,25.98x,52.13x,28.24%,9.90%,5.71%,10.80%,12.97%,9.34%,0.93%,7.14%
CBT,Cabot Corp,Chemicals,78.97,-1.78%,-4.00%,-15.00%,1,0,0.0,-1.0,0,-1.0,0.0,1.0,-12.56%,-9.32%,-33.56%,9.54x,1.02x,2.79x,6.51x,44.77x,30.64%,12.68%,3.40%,7.53%,-4.30%,3.43%,2.43%,3.69%
CACI,CACI International Inc,Software & IT Services,448.82,-0.47%,20.00%,11.00%,1,0,1.0,1.0,1,0.0,1.0,1.0,-2.40%,45.50%,0.83%,22.40x,1.25x,2.82x,16.02x,45.66x,13.48%,6.20%,17.15%,11.19%,12.39%,7.34%,0.00%,0.00%
CADE,Cadence Bank,Banking Services,29.05,-4.28%,-4.00%,-1.00%,0,0,1.0,1.0,1,1.0,0.5,1.0,-0.98%,-4.73%,-2.92%,10.74x,3.17x,1.02x,10.48x,0.00x,10.03%,1.12%,0.00%,0.00%,0.00%,0.00%,3.59%,7.22%
CPRI,Capri Holdings Ltd,Other Specialty Retailers,15.18,-6.76%,-27.00%,-58.00%,0,0,-1.0,0.5,0,-1.0,0.0,1.0,10.11%,-17.38%,-55.16%,0,0.44x,1.90x,0.00x,58.00x,-67.22%,-14.89%,-71.43%,4.00%,-15.02%,-7.34%,0.00%,0.00%
CSL,Carlisle Companies Inc,Homebuilding & Construction Supplies,377.00,-2.85%,9.00%,-6.00%,1,0,0.0,1.0,0,1.0,0.5,1.0,-4.13%,18.86%,-16.46%,21.75x,3.37x,7.78x,16.58x,46.60x,33.12%,13.79%,9.41%,13.35%,4.33%,4.63%,1.03%,15.50%
CG,Carlyle Group Inc,Investment Banking & Investment Services,39.10,-5.47%,-10.00%,-15.00%,0,0,0.0,1.0,0,-1.0,0.0,1.0,7.54%,-10.55%,-7.66%,15.01x,2.81x,2.87x,12.00x,60.93x,20.38%,5.12%,9.56%,16.46%,10.19%,20.86%,3.15%,3.48%
CRS,Carpenter Technology Corp,Metals & Mining,199.00,-1.93%,10.00%,137.00%,1,0,1.0,1.0,0,1.0,0.5,1.0,6.41%,13.77%,90.34%,32.07x,3.85x,6.31x,22.71x,28.06x,21.78%,10.95%,54.43%,24.86%,6.09%,9.46%,0.35%,0.00%
CASY,Caseys General Stores Inc,Food & Drug Retailing ,454.23,0.37%,4.00%,40.00%,1,0,1.0,1.0,0,0.0,0.5,1.0,-6.80%,10.57%,19.67%,30.94x,1.06x,4.82x,17.84x,43.98x,16.82%,7.42%,4.24%,12.43%,6.90%,11.20%,0.45%,8.13%
CAVA,CAVA Group Inc,Hotels & Entertainment Services,93.16,-14.84%,6.00%,31.00%,0,1,-1.0,1.0,0,1.0,0.5,1.0,-12.98%,-25.52%,-2.67%,70.36x,9.41x,13.44x,47.39x,0.00x,21.73%,12.72%,38.10%,20.69%,23.93%,21.56%,0.00%,0.00%
CELH,Celsius Holdings Inc,Beverages,35.93,-8.71%,9.00%,-50.00%,0,0,0.0,1.0,0,0.0,0.5,1.0,-10.03%,46.23%,-65.36%,108.70x,6.91x,18.93x,98.85x,0.00x,19.72%,6.37%,100.00%,32.22%,57.83%,24.95%,0.00%,0.00%
CHX,ChampionX Corp,Oil & Gas Related Equipment and Services,24.73,-5.77%,-16.00%,-28.00%,0,0,1.0,-1.0,0,-1.0,0.5,1.0,-8.98%,-15.08%,-32.29%,16.17x,1.31x,2.45x,8.54x,23.86x,16.16%,8.88%,12.71%,4.41%,-0.84%,3.66%,1.55%,0.00%
GTLS,Chart Industries Inc,"Machinery, Equipment & Components",135.03,-6.79%,-8.00%,-10.00%,0,0,0.0,1.0,1,0.0,1.0,1.0,11.89%,-13.08%,-7.72%,31.58x,1.69x,2.38x,13.72x,54.18x,8.12%,2.99%,39.23%,23.54%,11.88%,9.65%,0.00%,0.00%
CHE,Chemed Corp,Healthcare Providers & Services,565.86,-0.83%,-8.00%,-1.00%,1,0,1.0,-0.5,0,0.0,1.0,1.0,-3.60%,6.87%,-8.62%,27.35x,3.30x,6.92x,22.08x,0.04x,26.11%,17.88%,9.30%,8.90%,8.45%,6.06%,0.36%,7.74%
CHWY,Chewy Inc,Other Specialty Retailers,37.14,5.93%,14.00%,132.00%,-1,1,0.0,1.0,1,1.0,1.0,1.0,14.47%,24.56%,143.63%,48.84x,1.53x,69.49x,35.82x,0.00x,101.78%,12.67%,-29.67%,35.94%,5.27%,6.97%,0.00%,0.00%
CHH,Choice Hotels International Inc,Hotels & Entertainment Services,125.76,0.62%,-5.00%,5.00%,0,1,0.0,0.5,-1,0.0,-0.5,1.0,-3.96%,-11.24%,-0.52%,19.67x,3.78x,0.00x,14.42x,103.53x,0.00%,12.40%,1.74%,7.71%,102.97%,3.58%,0.89%,5.98%
CHRD,Chord Energy Corp,Oil & Gas,94.91,-5.98%,-15.00%,-49.00%,1,0,-1.0,-1.0,0,,1.0,1.0,-10.67%,-18.39%,-53.91%,5.92x,0.97x,0.61x,2.41x,8.48x,12.64%,8.65%,-38.69%,-1.86%,-15.03%,0.72%,7.28%,0.00%
CHDN,Churchill Downs Inc,Hotels & Entertainment Services,89.37,-4.77%,-21.00%,-32.00%,1,0,0.0,0.5,0,0.0,1.0,1.0,-0.59%,-18.05%,-37.74%,16.54x,2.42x,6.33x,10.49x,81.69x,44.25%,5.91%,3.38%,13.42%,6.26%,4.75%,0.44%,7.08%
CIEN,Ciena Corp,Communications & Networking,66.48,0.40%,7.00%,41.00%,0,1,1.0,1.0,0,1.0,0.5,1.0,17.00%,-2.95%,46.86%,148.42x,2.81x,4.09x,51.57x,35.58x,2.76%,1.41%,39.56%,33.46%,10.45%,8.87%,0.00%,0.00%
CRUS,Cirrus Logic Inc,Semiconductors & Semiconductor Equipment ,93.67,-4.41%,-6.00%,6.00%,1,0,1.0,1.0,0,1.0,1.0,1.0,3.82%,-3.86%,-19.02%,18.58x,2.95x,2.77x,15.30x,0.00x,16.21%,13.32%,-6.76%,8.68%,-2.91%,7.92%,0.00%,0.00%
CIVI,Civitas Resources Inc,Oil & Gas,29.50,-6.31%,-16.00%,-60.00%,0,0,0.0,0.5,1,0.0,0.5,1.0,-11.86%,-43.26%,-65.23%,3.17x,0.50x,0.38x,0.89x,43.18x,12.73%,5.58%,-30.74%,-15.31%,-9.81%,0.09%,10.93%,0.00%
CLH,Clean Harbors Inc,Professional & Commercial Services  ,212.63,-0.84%,8.00%,9.00%,0,0,0.0,1.0,0,0.0,1.0,1.0,0.85%,12.39%,-3.74%,31.54x,2.05x,4.75x,15.08x,51.99x,16.02%,5.51%,2.56%,18.53%,3.88%,5.37%,0.00%,0.00%
CLF,Cleveland-Cliffs Inc,Metals & Mining,8.17,-6.19%,-7.00%,-56.00%,0,0,0.0,0.5,0,0.0,0.5,1.0,-17.27%,-39.08%,-63.08%,0,0.19x,0.55x,0.00x,53.97x,-17.57%,-5.98%,19.75%,0.00%,3.84%,6.28%,0.00%,0.00%
CNH^I13,CNH Industrial NV,"Machinery, Equipment & Components",11.73,-3.28%,-5.00%,2.00%,0,0,,1.0,1,0.0,0.5,1.0,3.11%,1.96%,6.83%,16.05x,0.86x,2.07x,10.67x,76.57x,12.83%,2.08%,-44.14%,40.32%,-18.89%,5.19%,1.93%,0.00%
CNO,CNO Financial Group Inc,Insurance,39.92,-3.82%,-5.00%,50.00%,0,0,0.0,-1.0,0,-1.0,0.5,1.0,-11.99%,-3.90%,18.75%,13.02x,0.85x,1.47x,6.11x,63.48x,12.47%,0.84%,-4.53%,12.40%,-11.99%,3.07%,1.82%,7.94%
CNX,CNX Resources Corp,Oil & Gas,29.36,-5.17%,-9.00%,20.00%,0,0,0.0,1.0,-1,0.0,-0.5,,0.83%,10.37%,15.49%,0,3.08x,1.20x,22.69x,41.78x,-7.30%,-3.33%,10.11%,49.76%,35.54%,22.93%,0.00%,0.00%
COKE,Coca-Cola Consolidated Inc,Beverages,"1,352.35",-2.77%,3.00%,66.00%,1,0,1.0,-1.0,0,0.0,,1.0,-23.67%,-17.96%,2.88%,19.66x,1.43x,6.57x,12.77x,54.44x,36.83%,11.77%,0.00%,0.00%,0.00%,0.00%,0.88%,31.95%
CGNX,Cognex Corp,"Machinery, Equipment & Components",26.92,-5.44%,-13.00%,-36.00%,0,0,0.0,0.5,-1,0.0,0.5,1.0,7.56%,-6.29%,-43.75%,43.70x,5.46x,3.47x,33.39x,0.00x,8.02%,5.97%,14.86%,28.24%,4.50%,10.11%,1.07%,8.27%
COHR,Coherent Corp,Electronic Equipment & Parts,64.81,0.08%,-2.00%,17.00%,0,0,0.0,1.0,0,0.0,1.0,1.0,16.61%,-4.22%,25.58%,0,2.19x,2.29x,23.79x,31.36x,-0.59%,0.56%,110.18%,26.21%,22.86%,9.02%,0.00%,0.00%
COLB,Columbia Banking System Inc,Banking Services,22.62,-5.85%,-8.00%,18.00%,0,0,0.0,0.5,0,0.0,0.5,1.0,-4.75%,-8.37%,9.27%,9.99x,2.55x,0.95x,7.76x,0.00x,9.73%,0.96%,-1.48%,15.36%,10.36%,31.30%,6.09%,5.15%
COLM,Columbia Sportswear Co,Textiles & Apparel,64.00,-3.42%,-14.00%,-19.00%,1,0,0.0,0.5,0,-1.0,0.0,1.0,-7.60%,-24.72%,-30.19%,16.58x,1.05x,2.09x,12.80x,0.00x,12.34%,8.16%,-10.47%,3.22%,0.79%,2.76%,1.85%,4.56%
CMA,Comerica Inc,Banking Services,53.84,-2.96%,-10.00%,2.00%,0,0,0.0,1.0,-1,0.0,0.0,0.0,-0.86%,-11.93%,-3.87%,10.69x,2.25x,1.11x,9.17x,0.00x,11.45%,0.93%,0.97%,8.83%,4.56%,2.97%,5.04%,1.17%
FIX,Comfort Systems USA Inc,Construction & Engineering,394.40,-0.24%,23.00%,32.00%,1,0,1.0,1.0,0,1.0,1.0,1.0,15.35%,26.67%,27.71%,27.73x,2.23x,9.18x,22.04x,3.68x,37.81%,14.06%,33.08%,6.95%,10.54%,6.75%,0.39%,24.89%
CBSH,Commerce Bancshares Inc,Banking Services,61.03,-3.54%,-2.00%,15.00%,1,0,0.0,1.0,0,1.0,0.0,1.0,-3.27%,2.02%,7.70%,15.70x,5.00x,2.43x,13.97x,0.00x,16.82%,1.75%,5.94%,2.20%,4.60%,2.65%,1.74%,5.80%
CMC,Commercial Metals Co,Metals & Mining,44.25,-2.75%,-4.00%,-17.00%,0,0,0.0,1.0,0,0.0,0.5,0.0,-1.21%,-3.79%,-24.43%,77.51x,0.68x,1.32x,14.78x,22.95x,1.78%,1.10%,-29.23%,44.71%,-1.64%,8.41%,1.54%,7.21%
CVLT,"CommVault Systems, Inc.",Software & IT Services,165.96,-3.65%,2.00%,68.00%,1,0,1.0,1.0,0,1.0,0.5,1.0,0.83%,-0.65%,44.81%,104.02x,7.77x,23.79x,90.74x,0.00x,25.23%,7.38%,15.62%,14.69%,13.60%,11.82%,0.00%,0.00%
CNXC,Concentrix Corp,Professional & Commercial Services  ,51.26,1.92%,-12.00%,-9.00%,0,0,1.0,1.0,0,0.0,1.0,1.0,3.23%,28.21%,-19.60%,13.99x,0.37x,0.89x,3.77x,54.86x,6.35%,2.23%,0.00%,0.00%,0.00%,0.00%,2.37%,0.00%
CDP,COPT Defense Properties,Residential & Commercial REITs,26.69,-0.99%,-3.00%,12.00%,0,0,1.0,1.0,0,0.0,0.5,0.0,-4.41%,5.70%,-0.65%,21.68x,4.07x,2.04x,10.11x,60.71x,9.45%,3.45%,4.88%,0.78%,-2.12%,5.84%,4.52%,1.24%
CNM,Core & Main Inc,"Machinery, Equipment & Components",52.86,1.33%,8.00%,-8.00%,0,0,0.0,1.0,0,0.0,0.5,1.0,-4.65%,6.33%,-19.04%,25.02x,1.41x,6.20x,16.71x,56.04x,26.10%,7.93%,0.00%,0.00%,0.00%,0.00%,0.00%,0.00%
COTY,Coty Inc,Personal &Household Products & Services,4.98,-1.99%,-9.00%,-57.00%,-1,0,-1.0,0.5,0,-1.0,0.0,1.0,-8.16%,-8.63%,-56.77%,0,0.72x,1.23x,142.87x,51.11x,-10.93%,-3.16%,-5.41%,45.71%,-4.63%,1.11%,0.00%,0.00%
CUZ,Cousins Properties Inc,Residential & Commercial REITs,27.92,-6.28%,-6.00%,21.00%,-1,0,0.0,0.5,0,0.0,1.0,1.0,-9.34%,-7.81%,2.94%,79.80x,5.00x,0.93x,10.19x,38.44x,1.15%,0.72%,46.67%,4.55%,13.00%,4.15%,4.79%,1.99%
CR,Crane Co,"Machinery, Equipment & Components",148.67,-3.07%,-2.00%,3.00%,1,0,0.0,1.0,0,1.0,1.0,1.0,7.25%,4.23%,5.75%,35.40x,4.62x,5.59x,29.54x,12.32x,17.82%,11.18%,13.11%,13.95%,7.02%,6.60%,0.54%,0.00%
CXT,Crane NXT Co,"Machinery, Equipment & Components",47.22,-4.97%,-9.00%,-26.00%,1,0,0.0,1.0,1,0.0,0.5,1.0,5.56%,-7.69%,-22.16%,17.98x,1.99x,2.71x,11.62x,42.10x,16.23%,7.42%,-3.52%,17.27%,7.04%,8.52%,1.30%,-16.32%
CROX,Crocs Inc,Textiles & Apparel,96.23,-5.02%,-8.00%,-22.00%,1,0,0.0,1.0,0,1.0,1.0,1.0,5.91%,7.12%,-28.51%,6.83x,1.52x,3.17x,6.06x,42.93x,53.70%,19.42%,-2.58%,3.35%,1.02%,3.36%,0.00%,0.00%
CCK,Crown Holdings Inc,Containers & Packaging,89.78,-1.51%,1.00%,11.00%,1,0,0.0,1.0,1,1.0,1.0,1.0,2.89%,15.83%,5.09%,21.08x,0.96x,4.24x,10.06x,66.99x,21.30%,4.85%,9.83%,8.52%,2.13%,2.49%,1.06%,0.00%
CUBE,CubeSmart,Residential & Commercial REITs,39.62,-3.28%,-5.00%,-2.00%,0,0,-1.0,1.0,0,0.0,0.5,1.0,-3.01%,2.94%,-13.16%,24.36x,8.73x,3.31x,15.58x,54.03x,13.72%,5.96%,-9.30%,1.92%,0.29%,3.65%,5.04%,9.71%
CFR,Cullen/Frost Bankers Inc,Banking Services,116.77,-2.58%,-7.00%,8.00%,0,0,0.0,1.0,-1,1.0,0.0,1.0,2.55%,-6.52%,11.53%,13.94x,3.89x,2.06x,12.09x,0.00x,15.68%,1.18%,4.51%,1.08%,4.24%,3.84%,3.15%,5.96%
CW,Curtiss-Wright Corp,Aerospace & Defense,338.51,2.17%,7.00%,33.00%,1,0,1.0,1.0,1,1.0,0.5,1.0,16.38%,31.83%,34.58%,37.00x,4.88x,6.13x,28.96x,27.25x,17.40%,8.99%,16.70%,6.92%,8.81%,6.01%,0.23%,5.08%
CYTK,"Cytokinetics, Inc.",Biotechnology & Medical Research,41.22,2.16%,-6.00%,-38.00%,-1,0,0.0,-1.0,1,-1.0,1.0,1.0,-29.03%,-37.55%,-53.24%,0,189.44x,0.00x,0.00x,168.01x,0.00%,-59.38%,-4.94%,10.33%,18.28%,719.09%,0.00%,0.00%
DAR,Darling Ingredients Inc,Food & Tobacco,31.86,-10.25%,1.00%,-29.00%,-1,0,0.0,1.0,0,0.0,1.0,1.0,-2.23%,-16.06%,-31.37%,29.89x,0.88x,1.13x,7.37x,46.37x,3.79%,1.72%,-9.25%,105.10%,3.01%,3.18%,0.00%,0.00%
XRAY,DENTSPLY SIRONA Inc,Healthcare Equipment & Supplies,13.87,-3.94%,-8.00%,-55.00%,0,0,0.0,1.0,0,0.0,0.0,1.0,8.54%,-12.41%,-48.67%,0,0.85x,1.57x,0.00x,53.74x,-34.47%,-13.79%,13.17%,7.94%,-3.77%,2.60%,4.04%,11.28%
DKS,DICK'S Sporting Goods Inc,Other Specialty Retailers,189.87,-3.71%,-7.00%,-9.00%,1,1,0.0,0.5,1,1.0,0.5,1.0,-14.59%,-22.02%,-14.76%,12.27x,1.03x,4.32x,8.81x,31.70x,40.08%,11.79%,1.71%,6.86%,3.40%,3.90%,2.81%,31.35%
DOCU,Docusign Inc,Software & IT Services,82.03,-4.44%,0.00%,45.00%,0,0,0.0,1.0,0,1.0,0.0,1.0,-0.53%,5.12%,35.43%,16.91x,5.89x,8.75x,14.90x,0.00x,68.18%,30.58%,0.00%,0.00%,0.00%,0.00%,0.00%,0.00%
DLB,Dolby Laboratories Inc,Software & IT Services,76.02,-2.16%,-5.00%,-4.00%,1,0,0.0,0.5,0,0.0,1.0,1.0,-6.39%,-3.87%,-15.38%,28.63x,5.50x,2.82x,21.20x,0.00x,10.28%,8.25%,4.75%,6.05%,5.35%,4.66%,1.75%,9.57%
DCI,Donaldson Company Inc,Professional & Commercial Services  ,65.50,-1.74%,-2.00%,-9.00%,1,0,0.0,1.0,-1,1.0,0.0,1.0,-1.81%,3.92%,-16.57%,20.12x,2.26x,5.33x,15.88x,27.21x,28.64%,14.56%,5.56%,6.09%,1.94%,3.44%,1.57%,5.51%
DOCS,Doximity Inc,Software & IT Services,56.69,-12.30%,-3.00%,138.00%,0,0,1.0,-1.0,0,0.0,0.5,1.0,-14.50%,-28.43%,66.13%,46.28x,16.88x,8.94x,41.15x,0.00x,22.50%,19.05%,-0.70%,14.18%,9.89%,10.51%,0.00%,0.00%
DBX,Dropbox Inc,Software & IT Services,28.41,-2.44%,8.00%,18.00%,1,0,1.0,1.0,0,1.0,0.0,1.0,-4.86%,-5.60%,14.11%,16.46x,3.09x,0.00x,11.92x,166.60x,0.00%,16.34%,5.62%,6.84%,-2.64%,-0.02%,0.00%,0.00%
DTM,DT Midstream Inc,Oil & Gas Related Equipment and Services,98.74,-1.39%,2.00%,54.00%,1,0,0.0,1.0,-1,0.0,0.5,0.0,-3.10%,6.89%,40.82%,27.89x,9.93x,2.23x,16.78x,41.45x,8.29%,4.00%,0.00%,0.00%,0.00%,0.00%,3.21%,0.00%
DUOL,Duolingo Inc,Software & IT Services,384.34,-2.40%,21.00%,71.00%,0,0,0.0,1.0,1,0.0,0.5,1.0,29.63%,28.56%,166.11%,255.77x,29.01x,26.31x,215.69x,0.00x,12.06%,7.83%,57.98%,49.16%,33.19%,26.76%,0.00%,0.00%
DT,Dynatrace Inc,Software & IT Services,46.46,2.19%,-4.00%,-1.00%,0,0,0.0,1.0,0,0.0,0.5,1.0,10.29%,-7.34%,3.07%,33.96x,9.56x,6.20x,30.55x,0.00x,20.86%,12.81%,14.39%,13.21%,15.35%,14.68%,0.00%,0.00%
EXP,Eagle Materials Inc,Construction Materials,221.36,-8.91%,-1.00%,-15.00%,0,0,0.0,1.0,0,0.0,0.5,1.0,-9.35%,-3.95%,-18.72%,15.54x,3.09x,4.84x,11.23x,45.95x,33.52%,14.92%,5.74%,7.87%,2.29%,5.49%,0.47%,0.00%
EWBC,East West Bancorp Inc,Banking Services,86.23,-4.37%,-4.00%,12.00%,1,0,0.0,1.0,0,0.0,0.5,1.0,-0.69%,-1.95%,10.33%,10.85x,4.71x,1.58x,9.16x,0.00x,15.66%,1.59%,6.87%,7.33%,7.65%,5.42%,2.64%,15.83%
EGP,Eastgroup Properties Inc,Residential & Commercial REITs,164.01,-2.80%,-8.00%,5.00%,0,0,0.0,-1.0,0,-1.0,0.5,1.0,-4.35%,-3.25%,-8.81%,36.27x,13.20x,2.59x,20.49x,30.35x,7.61%,4.72%,2.58%,10.46%,10.88%,9.85%,3.37%,12.68%
SATS,EchoStar Corp,Telecommunications Services,22.68,-8.52%,-10.00%,41.00%,0,0,0.0,-1.0,0,-1.0,0.0,,-12.62%,-27.29%,4.28%,0,0.38x,0.30x,3.37x,56.76x,-1.08%,-0.38%,-963.64%,-11.32%,-2.30%,-0.39%,0.00%,0.00%
ELF,elf Beauty Inc,Other Specialty Retailers,61.98,5.88%,-6.00%,-66.00%,0,0,-1.0,1.0,0,0.0,1.0,1.0,28.12%,21.90%,-51.68%,49.23x,3.59x,6.08x,33.13x,24.89x,14.24%,8.29%,4.72%,3.60%,27.73%,10.45%,0.00%,0.00%
EME,Emcor Group Inc,Construction & Engineering,410.26,-1.29%,11.00%,16.00%,1,0,1.0,1.0,0,1.0,0.5,1.0,7.40%,13.02%,7.17%,20.25x,1.37x,7.04x,17.14x,8.01x,37.76%,14.23%,9.90%,8.12%,13.03%,5.82%,0.22%,23.78%
EHC,Encompass Health Corp,Healthcare Providers & Services,115.32,-0.97%,12.00%,37.00%,1,0,0.0,1.0,0,1.0,1.0,1.0,9.81%,24.34%,26.24%,24.51x,2.17x,5.53x,12.41x,45.70x,25.33%,10.20%,13.09%,11.58%,9.63%,8.56%,0.57%,-10.27%
ENS,EnerSys,"Machinery, Equipment & Components",86.39,-18.43%,-7.00%,-5.00%,1,0,0.0,0.5,0,0.0,0.5,1.0,-11.21%,-17.12%,-24.18%,9.02x,0.88x,1.66x,6.86x,36.70x,19.82%,9.78%,-2.86%,5.27%,2.40%,4.23%,1.18%,6.19%
ENSG,Ensign Group Inc,Healthcare Providers & Services,127.07,-1.63%,-2.00%,7.00%,1,0,0.0,1.0,0,1.0,0.5,1.0,8.76%,18.83%,10.30%,27.30x,1.88x,4.32x,20.87x,6.97x,17.66%,6.83%,14.73%,10.62%,15.41%,9.68%,0.17%,4.78%
ENTG,Entegris Inc,Semiconductors & Semiconductor Equipment ,79.85,-6.83%,-9.00%,-39.00%,0,0,0.0,0.5,0,-1.0,1.0,1.0,-13.82%,-28.57%,-49.26%,35.81x,3.42x,2.95x,16.05x,51.63x,8.65%,3.71%,-1.00%,26.60%,-5.72%,8.72%,0.55%,5.92%
NVST,Envista Holdings Corp,Healthcare Equipment & Supplies,15.96,-6.74%,-6.00%,-22.00%,-1,0,0.0,0.5,0,0.0,0.0,1.0,-0.89%,-17.64%,-17.74%,0,1.14x,0.95x,0.00x,31.74x,-31.33%,-18.70%,36.99%,19.00%,1.35%,3.23%,0.00%,0.00%
EPR,EPR Properties,Residential & Commercial REITs,49.56,-2.46%,-5.00%,20.00%,0,0,1.0,0.5,0,0.0,0.0,1.0,0.69%,10.72%,14.96%,31.92x,5.64x,1.72x,13.67x,54.61x,5.24%,2.66%,81.88%,3.09%,-2.19%,1.02%,6.76%,-5.45%
EQH,Equitable Holdings Inc,Investment Banking & Investment Services,50.41,-1.36%,-4.00%,35.00%,0,0,1.0,0.5,1,0.0,1.0,1.0,-2.21%,1.16%,16.50%,14.16x,1.04x,17.86x,0.00x,81.94x,172.43%,0.61%,0.00%,0.00%,0.00%,0.00%,2.07%,10.14%
ELS,Equity LifeStyle Properties Inc,Residential & Commercial REITs,63.88,-0.67%,-5.00%,4.00%,0,0,0.0,-1.0,0,-1.0,0.5,0.0,-6.14%,0.30%,-10.16%,32.69x,7.98x,6.92x,20.82x,63.39x,22.90%,6.62%,0.51%,7.11%,1.08%,3.89%,3.25%,4.65%
ESAB,ESAB Corp,"Machinery, Equipment & Components",119.25,-2.63%,4.00%,11.00%,1,0,0.0,0.5,0,0.0,0.5,1.0,-2.27%,8.90%,6.71%,25.96x,2.77x,3.96x,20.44x,35.51x,16.58%,7.53%,0.00%,0.00%,0.00%,0.00%,0.32%,0.00%
ESNT,Essent Group Ltd,Insurance,55.95,-2.08%,-3.00%,3.00%,1,0,0.0,1.0,0,1.0,0.5,1.0,-3.30%,7.93%,-6.52%,8.46x,4.64x,1.05x,8.04x,8.03x,13.29%,10.50%,0.58%,5.66%,3.31%,3.70%,2.14%,30.14%
WTRG,Essential Utilities Inc,Water Utilities,40.28,1.05%,2.00%,11.00%,0,1,0.0,-1.0,0,1.0,1.0,1.0,-10.32%,12.29%,-9.09%,17.30x,4.79x,1.65x,10.89x,54.56x,9.78%,3.47%,-3.23%,6.19%,12.74%,6.53%,3.38%,6.89%
EEFT,Euronet Worldwide Inc,Professional & Commercial Services  ,98.33,-3.07%,-10.00%,-7.00%,1,0,1.0,1.0,0,0.0,1.0,,0.74%,4.83%,-16.39%,15.68x,1.13x,3.53x,10.21x,62.84x,25.00%,5.42%,14.29%,13.92%,8.27%,7.92%,0.00%,0.00%
EVR,Evercore Inc,Investment Banking & Investment Services,197.22,-4.95%,-1.00%,7.00%,0,0,1.0,1.0,0,0.0,0.5,,6.80%,-8.11%,1.49%,21.60x,2.80x,5.79x,17.35x,17.64x,29.73%,15.24%,17.62%,39.53%,5.48%,20.27%,1.49%,7.12%
EXEL,Exelixis Inc,Biotechnology & Medical Research,38.44,-7.35%,2.00%,58.00%,0,0,1.0,1.0,1,0.0,0.5,1.0,8.14%,27.90%,85.40%,19.44x,5.08x,5.53x,17.36x,0.00x,30.22%,22.82%,27.27%,15.63%,7.38%,10.88%,0.00%,0.00%
EXLS,Exlservice Holdings Inc,Professional & Commercial Services  ,44.46,-0.71%,-5.00%,51.00%,1,0,1.0,0.5,0,0.0,1.0,1.0,-3.94%,-4.77%,33.70%,34.77x,3.92x,7.37x,27.35x,23.29x,23.81%,13.88%,13.94%,13.83%,11.96%,11.52%,0.00%,0.00%
EXPO,Exponent Inc,Professional & Commercial Services  ,78.20,-2.27%,-4.00%,-17.00%,0,0,-1.0,-1.0,0,-1.0,0.5,1.0,-7.97%,-5.17%,-26.68%,37.88x,7.03x,8.92x,34.06x,0.00x,25.87%,15.15%,-6.64%,8.63%,2.19%,7.20%,1.55%,11.84%
FN,Fabrinet,Electronic Equipment & Parts,203.03,2.09%,2.00%,14.00%,1,0,0.0,1.0,0,1.0,0.5,1.0,7.68%,3.62%,-11.47%,25.44x,2.51x,4.29x,21.63x,0.00x,18.30%,13.44%,14.30%,14.48%,17.62%,12.83%,0.00%,0.00%
FHI,Federated Hermes Inc,Investment Banking & Investment Services,39.86,-0.93%,-1.00%,22.00%,1,0,0.0,1.0,0,1.0,0.0,1.0,4.33%,16.64%,19.40%,11.88x,2.02x,3.13x,10.54x,23.34x,25.13%,14.54%,32.51%,0.93%,4.54%,3.46%,3.20%,2.30%
FNF,Fidelity National Financial Inc,Insurance,63.13,-6.88%,-3.00%,24.00%,0,0,0.0,-1.0,0,0.0,1.0,1.0,-20.36%,-2.47%,-4.79%,13.25x,1.12x,1.87x,7.52x,33.31x,14.72%,1.30%,12.74%,26.44%,0.62%,13.28%,3.73%,9.01%
FAF,First American Financial Corp,Insurance,61.17,-7.85%,-7.00%,12.00%,0,0,0.0,-1.0,0,-1.0,0.5,1.0,-16.87%,-8.14%,-10.32%,36.60x,0.90x,1.14x,15.39x,31.16x,3.23%,1.06%,16.82%,20.23%,14.02%,10.72%,3.90%,4.96%
FFIN,First Financial Bankshares Inc,Banking Services,33.49,-4.14%,-7.00%,10.00%,1,0,0.0,0.5,0,0.0,0.0,0.0,-4.20%,-3.25%,3.38%,21.34x,8.65x,2.93x,20.11x,0.00x,14.60%,1.68%,14.74%,4.47%,14.32%,5.84%,2.20%,9.86%
FHN,First Horizon Corp,Banking Services,18.00,-2.47%,-7.00%,20.00%,0,0,0.0,1.0,0,0.0,0.5,1.0,4.40%,-3.94%,12.19%,13.79x,3.15x,1.20x,11.35x,0.00x,9.20%,1.00%,9.03%,10.06%,14.83%,3.94%,3.04%,1.39%
FR,First Industrial Realty Trust Inc,Residential & Commercial REITs,47.75,-4.75%,-12.00%,3.00%,0,0,0.0,0.5,0,0.0,0.5,1.0,-4.44%,-8.97%,-8.25%,24.05x,9.38x,2.42x,14.19x,46.46x,10.18%,5.23%,-27.19%,10.76%,6.93%,7.19%,3.67%,-5.10%
FCFS,Firstcash Holdings Inc,Banking Services,132.68,-0.09%,11.00%,14.00%,0,0,1.0,1.0,0,1.0,1.0,1.0,-9.48%,16.35%,-1.19%,20.33x,1.66x,2.74x,14.62x,45.34x,13.70%,6.48%,17.76%,18.76%,0.66%,5.58%,1.20%,7.44%
FIVE,Five Below Inc,Diversified Retail,75.32,4.19%,3.00%,-50.00%,0,0,0.0,1.0,0,0.0,0.5,0.0,35.80%,29.23%,-24.12%,23.93x,1.56x,3.35x,14.39x,0.00x,14.95%,6.18%,-7.54%,6.87%,12.07%,9.40%,0.00%,0.00%
FLG,Flagstar Financial Inc,Banking Services,11.84,-5.39%,1.00%,32.00%,0,0,0.0,1.0,0,0.0,0.5,1.0,-2.03%,-4.32%,7.26%,0,2.03x,0.64x,0.00x,0.00x,-11.92%,-0.85%,89.10%,0.00%,-14.57%,26.96%,0.34%,-37.15%
FLEX,Flex Ltd,Electronic Equipment & Parts,35.09,-1.22%,6.00%,22.00%,0,1,1.0,1.0,0,1.0,1.0,1.0,12.25%,4.09%,20.00%,19.63x,0.60x,3.13x,11.23x,42.47x,16.23%,4.57%,10.19%,12.33%,0.92%,4.71%,0.00%,0.00%
FND^F16,Floor & Decor Holdings Inc,Other Specialty Retailers,72.50,-5.47%,-10.00%,-34.00%,0,0,0.0,0.5,0,0.0,0.5,1.0,-4.70%,-16.41%,-41.45%,39.23x,1.76x,3.59x,18.09x,8.13x,9.74%,4.08%,-2.17%,22.22%,5.90%,10.81%,0.00%,0.00%
FLO,Flowers Foods Inc,Food & Tobacco,17.66,-2.81%,-5.00%,-27.00%,0,0,0.0,-1.0,0,-1.0,0.0,1.0,-13.42%,-8.90%,-36.97%,15.43x,0.69x,2.47x,9.02x,55.97x,16.34%,5.88%,-14.06%,3.64%,4.75%,0.65%,5.97%,4.84%
FLS,Flowserve Corp,"Machinery, Equipment & Components",44.66,-3.33%,-8.00%,-4.00%,1,0,0.0,1.0,0,0.0,1.0,1.0,3.90%,-10.01%,-10.25%,23.15x,1.40x,3.11x,16.50x,41.26x,14.00%,5.69%,21.67%,12.81%,6.06%,3.66%,1.70%,2.02%
FLR,Fluor Corp,Construction & Engineering,35.02,-2.47%,-2.00%,-13.00%,0,0,-1.0,1.0,0,0.0,0.5,1.0,-0.89%,-1.20%,-16.22%,3.58x,0.37x,1.74x,35.98x,22.95x,66.58%,1.31%,8.19%,11.55%,9.82%,6.29%,0.00%,0.00%
FNB,FNB Corp,Banking Services,13.36,-3.67%,-1.00%,-3.00%,0,0,0.0,1.0,0,0.0,1.0,1.0,-2.47%,-3.53%,-9.81%,10.99x,3.13x,0.78x,9.18x,0.00x,7.41%,0.97%,0.72%,18.57%,5.84%,9.85%,3.45%,0.00%
FBIN,Fortune Brands Innovations Inc,Homebuilding & Construction Supplies,54.07,-7.19%,-12.00%,-28.00%,0,0,0.0,0.5,0,0.0,0.0,1.0,-11.95%,-20.28%,-34.98%,14.85x,1.35x,2.73x,9.75x,56.17x,18.62%,6.38%,-7.77%,12.37%,-1.56%,3.90%,1.97%,1.76%
FYBR,Frontier Communications Parent Inc,Telecommunications Services,36.25,0.14%,1.00%,58.00%,0,0,0.0,1.0,0,,0.0,0.0,-4.97%,7.26%,25.49%,0,1.53x,1.88x,7.08x,70.48x,-7.64%,-1.88%,0.00%,0.00%,0.00%,0.00%,0.00%,0.00%
FCN,FTI Consulting Inc,Professional & Commercial Services  ,162.44,0.81%,0.00%,-23.00%,1,0,0.0,0.5,0,0.0,0.5,1.0,-3.40%,7.04%,-32.48%,22.75x,1.56x,2.70x,18.44x,6.93x,12.46%,7.85%,1.63%,10.84%,-0.77%,6.98%,0.00%,0.00%
GME,GameStop Corp,Other Specialty Retailers,27.59,7.79%,26.00%,131.00%,-1,0,-1.0,1.0,0,0.0,-0.5,0.0,6.99%,19.51%,32.74%,116.11x,3.61x,2.80x,81.15x,0.34x,4.19%,3.06%,39.39%,-21.74%,-6.92%,-11.99%,0.00%,0.00%
GLPI,Gaming and Leisure Properties Inc,Residential & Commercial REITs,47.76,-1.83%,-5.00%,12.00%,0,0,0.0,-1.0,0,-1.0,0.5,1.0,-11.86%,-2.41%,-8.44%,16.30x,8.16x,3.00x,11.95x,60.20x,18.58%,6.68%,-1.74%,10.99%,3.86%,3.04%,6.78%,2.84%
GAP,Gap Inc,Other Specialty Retailers,21.47,9.31%,3.00%,-2.00%,1,1,0.0,1.0,1,1.0,0.5,1.0,30.78%,35.06%,27.71%,13.14x,0.72x,3.31x,8.10x,31.34x,28.81%,7.36%,5.91%,7.30%,1.30%,1.87%,2.28%,-9.16%
GATX,GATX Corp,Banking Services,144.40,-3.14%,-7.00%,14.00%,1,0,1.0,0.5,0,0.0,0.5,1.0,-5.35%,-7.36%,-4.46%,18.10x,3.19x,2.03x,8.24x,77.45x,11.84%,1.63%,7.60%,11.00%,8.75%,5.44%,1.68%,4.75%
G,Genpact Ltd,Professional & Commercial Services  ,48.26,-0.80%,-4.00%,55.00%,1,0,1.0,-1.0,0,0.0,0.5,1.0,-14.56%,-16.35%,15.33%,14.81x,1.57x,3.10x,12.26x,33.52x,22.21%,10.95%,5.49%,8.09%,3.69%,5.67%,1.56%,12.40%
GNTX,Gentex Corp,Automobiles & Auto Parts,21.79,-3.13%,-9.00%,-38.00%,1,0,0.0,0.5,0,0.0,0.0,1.0,-6.16%,-6.48%,-41.84%,12.79x,2.15x,1.99x,10.13x,0.00x,15.90%,14.23%,-11.67%,15.72%,5.30%,7.48%,2.19%,1.08%
GBCI,Glacier Bancorp Inc,Banking Services,40.91,-5.34%,-7.00%,10.00%,0,0,0.0,0.5,0,0.0,0.5,,-9.35%,-12.56%,-3.28%,22.02x,5.67x,1.42x,19.13x,0.00x,6.63%,0.76%,31.55%,32.13%,19.03%,14.29%,3.21%,3.53%
GMED,Globus Medical Inc,Healthcare Equipment & Supplies,72.62,1.35%,0.00%,44.00%,0,0,0.0,-1.0,1,-1.0,0.5,1.0,-24.71%,-27.05%,-20.72%,43.83x,3.16x,1.94x,17.60x,0.01x,4.63%,3.84%,5.59%,16.20%,12.59%,9.56%,0.00%,0.00%
GT,Goodyear Tire & Rubber Co,Automobiles & Auto Parts,11.07,0.82%,24.00%,-8.00%,0,1,0.0,1.0,0,1.0,1.0,1.0,-4.66%,10.47%,-19.50%,13.36x,0.17x,0.65x,2.50x,61.25x,5.06%,1.08%,31.43%,42.75%,-2.63%,1.34%,0.00%,0.00%
GGG,Graco Inc,"Machinery, Equipment & Components",81.32,-1.64%,-2.00%,-1.00%,0,0,0.0,1.0,0,0.0,0.5,1.0,-1.43%,1.44%,-7.49%,29.82x,6.57x,5.70x,24.36x,1.10x,20.28%,16.84%,7.22%,7.74%,6.47%,4.06%,1.30%,9.77%
GHC,Graham Holdings Co,"School, College & University",922.77,-4.20%,-4.00%,27.00%,0,0,1.0,0.0,0,-1.0,,,-5.76%,1.39%,11.29%,6.46x,0.84x,0.94x,5.34x,16.72x,14.87%,8.51%,-27.71%,41.30%,-0.45%,6.40%,0.78%,4.35%
LOPE,Grand Canyon Education Inc,Miscellaneous Educational Service Providers,175.92,-1.19%,0.00%,33.00%,1,0,0.0,1.0,0,1.0,1.0,1.0,3.79%,8.15%,20.37%,24.30x,5.24x,7.06x,20.54x,0.00x,29.85%,22.24%,8.83%,10.51%,5.61%,6.84%,0.00%,0.00%
GPK,Graphic Packaging Holding Co,Containers & Packaging,25.32,-3.00%,-4.00%,-9.00%,1,0,0.0,0.5,0,-1.0,0.5,1.0,-16.16%,-12.53%,-25.95%,11.09x,0.79x,2.16x,5.89x,64.39x,20.62%,5.42%,-15.66%,17.14%,-3.88%,2.89%,1.95%,5.92%
GEF,Greif Inc,Containers & Packaging,53.52,-1.84%,-3.00%,-14.00%,1,0,0.0,1.0,0,0.0,0.5,1.0,-3.30%,-5.07%,-22.28%,12.50x,0.49x,1.29x,5.35x,56.56x,10.42%,3.71%,-3.47%,28.28%,-5.04%,12.04%,3.90%,3.60%
GWRE,Guidewire Software Inc,Software & IT Services,199.57,-3.33%,5.00%,74.00%,0,0,0.0,1.0,0,0.0,1.0,1.0,-2.32%,3.81%,53.61%,0,16.09x,13.69x,2864.42x,40.17x,-1.34%,-0.74%,49.63%,32.67%,19.65%,14.05%,0.00%,0.00%
GXO,GXO Logistics Inc,Freight & Logistics Services,35.94,-2.11%,-9.00%,-29.00%,0,0,0.0,1.0,1,0.0,0.5,1.0,4.05%,6.11%,-30.00%,65.29x,0.38x,1.65x,9.05x,48.36x,2.61%,0.76%,0.00%,0.00%,0.00%,0.00%,0.00%,0.00%
HRB,H & R Block Inc,Personal &Household Products & Services,60.60,1.53%,10.00%,28.00%,1,0,0.0,1.0,0,0.0,0.5,1.0,-8.05%,15.06%,-1.25%,14.02x,2.08x,0.00x,11.25x,114.84x,0.00%,17.57%,19.05%,-1.90%,3.17%,2.74%,2.60%,0.00%
HAE,Haemonetics Corp,Healthcare Equipment & Supplies,62.64,-4.64%,-1.00%,-31.00%,0,0,1.0,1.0,0,0.0,1.0,1.0,0.31%,9.19%,-33.29%,26.04x,2.31x,3.66x,12.97x,57.46x,14.06%,5.50%,6.56%,16.02%,-3.38%,7.07%,0.00%,0.00%
HALO,"Halozyme Therapeutics, Inc.",Pharmaceuticals,60.57,9.81%,-5.00%,57.00%,0,0,1.0,-1.0,0,1.0,0.5,1.0,-14.83%,-2.01%,7.36%,14.26x,6.11x,13.73x,11.68x,75.76x,147.06%,24.04%,23.64%,39.01%,23.29%,18.05%,0.00%,0.00%
HLNE,Hamilton Lane Inc,Investment Banking & Investment Services,150.59,-3.67%,1.00%,30.00%,0,0,0.0,1.0,0,0.0,0.0,1.0,3.94%,9.11%,24.87%,30.18x,13.15x,13.99x,27.84x,25.30x,38.54%,22.66%,27.81%,-4.59%,23.53%,1.91%,1.20%,15.93%
HWC,Hancock Whitney Corp,Banking Services,52.19,-3.77%,0.00%,11.00%,1,0,0.0,1.0,0,1.0,1.0,1.0,-1.54%,-1.18%,6.33%,10.13x,3.22x,1.10x,9.16x,0.00x,11.53%,1.35%,4.73%,4.52%,5.29%,5.66%,3.28%,6.79%
THG,Hanover Insurance Group Inc,Insurance,162.91,0.64%,-6.00%,25.00%,1,0,0.0,1.0,0,0.0,0.5,1.0,-4.34%,10.30%,13.29%,13.91x,0.96x,1.97x,19.36x,20.49x,15.74%,2.91%,10.87%,8.52%,7.12%,5.72%,2.16%,7.09%
HOG,Harley-Davidson Inc,Automobiles & Auto Parts,23.45,1.48%,-7.00%,-32.00%,0,1,0.0,0.5,0,0.0,0.5,0.0,-1.87%,-3.76%,-36.85%,9.25x,0.63x,0.97x,5.96x,69.70x,10.84%,2.78%,-25.29%,25.68%,-8.92%,4.10%,2.91%,-14.38%
HR,Healthcare Realty Trust Inc,Residential & Commercial REITs,15.63,-3.11%,-7.00%,11.00%,0,0,0.0,-1.0,0,-1.0,0.0,1.0,-14.47%,-9.49%,-17.77%,0,4.05x,0.99x,18.37x,48.28x,-6.84%,-3.46%,81.77%,0.00%,-6.30%,2.56%,8.65%,-0.16%
HQY,Healthequity Inc,Software & IT Services,84.40,2.49%,-1.00%,7.00%,1,0,1.0,1.0,0,0.0,1.0,1.0,9.47%,-6.19%,14.42%,91.80x,7.23x,4.09x,33.45x,33.31x,4.66%,2.92%,16.35%,22.04%,8.52%,10.01%,0.00%,0.00%
HXL,Hexcel Corp,Aerospace & Defense,50.54,-3.66%,-11.00%,-22.00%,0,0,0.0,0.5,-1,0.0,0.0,1.0,-2.56%,-14.91%,-33.65%,34.48x,2.22x,2.73x,16.93x,33.93x,7.87%,4.45%,-6.40%,34.21%,0.82%,10.49%,1.31%,-1.28%
DINO,HF Sinclair Corp,Oil & Gas,30.68,-4.78%,-8.00%,-47.00%,1,0,1.0,1.0,1,0.0,0.5,0.0,8.91%,-0.82%,-43.02%,0,0.24x,0.73x,9.23x,22.97x,-1.47%,-0.78%,75.25%,83.62%,-6.51%,1.77%,5.64%,8.12%
HGV,Hilton Grand Vacations Inc,Hotels & Entertainment Services,34.27,-7.15%,-8.00%,-22.00%,0,0,0.0,1.0,1,-1.0,0.5,1.0,5.02%,-3.76%,-15.81%,117.98x,0.71x,2.28x,10.95x,80.02x,1.90%,0.43%,617.78%,39.94%,6.29%,6.66%,0.00%,0.00%
HIMS,Hims & Hers Health Inc,Healthcare Providers & Services,28.48,-8.64%,-4.00%,125.00%,0,0,0.0,1.0,0,0.0,0.0,1.0,78.56%,-15.61%,200.67%,78.26x,6.71x,21.79x,64.12x,0.00x,36.79%,24.54%,22.64%,44.62%,59.28%,21.12%,0.00%,0.00%
HOMB,Home Bancshares Inc,Banking Services,27.90,-3.98%,-2.00%,13.00%,1,0,0.0,1.0,0,0.0,0.5,1.0,-4.80%,-1.00%,7.05%,13.48x,5.40x,1.38x,12.48x,0.00x,10.63%,1.82%,13.43%,1.32%,3.84%,2.85%,2.84%,8.02%
HLI,Houlihan Lokey Inc,Investment Banking & Investment Services,161.21,-3.86%,1.00%,26.00%,0,0,0.0,1.0,1,1.0,0.5,,1.68%,3.17%,17.09%,29.75x,5.06x,5.56x,27.40x,0.66x,19.93%,11.44%,11.29%,14.43%,9.84%,11.60%,1.39%,12.95%
H,Hyatt Hotels Corporation,Hotels & Entertainment Services,112.78,-4.96%,-7.00%,-25.00%,1,0,0.0,1.0,0,0.0,0.5,1.0,6.11%,-8.37%,-22.77%,16.53x,1.83x,3.52x,10.88x,53.50x,22.31%,6.21%,-32.51%,44.53%,3.24%,5.60%,0.47%,-4.62%
IDA,IDACORP Inc,Electrical Utilities & IPPs,117.65,0.73%,1.00%,23.00%,0,0,1.0,-1.0,0,0.0,0.5,1.0,-7.98%,6.95%,7.69%,20.41x,3.44x,1.86x,11.62x,50.69x,9.60%,3.36%,5.64%,9.64%,4.94%,9.81%,2.99%,5.53%
ILMN,Illumina Inc,Healthcare Equipment & Supplies,77.22,-0.44%,-3.00%,-35.00%,0,1,0.0,0.5,0,0.0,0.5,1.0,-2.57%,-13.23%,-29.90%,0,2.94x,5.41x,0.00x,45.66x,-23.82%,-11.90%,72.65%,10.64%,-3.27%,3.15%,0.00%,0.00%
IRT,Independence Realty Trust Inc,Residential & Commercial REITs,19.56,-5.05%,-6.00%,23.00%,0,0,1.0,-1.0,0,-1.0,0.5,1.0,-11.73%,-7.90%,-2.19%,138.04x,6.66x,1.23x,16.63x,38.59x,0.87%,0.51%,0.00%,0.00%,0.00%,0.00%,3.73%,-35.87%
INGR,Ingredion Inc,Food & Tobacco,131.06,-1.19%,-4.00%,15.00%,1,0,0.0,1.0,0,1.0,0.5,1.0,-0.93%,13.73%,5.37%,14.49x,1.20x,2.22x,10.37x,30.81x,16.31%,8.59%,5.92%,3.01%,1.15%,2.57%,2.33%,4.62%
NSP,Insperity Inc,Professional & Commercial Services  ,78.62,-5.89%,-10.00%,-24.00%,0,0,0.0,-1.0,0,-1.0,0.0,0.0,-19.82%,-19.27%,-41.12%,40.29x,0.38x,20.60x,23.49x,75.62x,48.65%,2.95%,-30.73%,48.79%,3.79%,6.00%,3.59%,14.58%
IBKR,"Interactive Brokers Group, Inc.",Investment Banking & Investment Services,169.35,-0.13%,3.00%,46.00%,1,0,1.0,1.0,0,0.0,1.0,1.0,14.81%,-4.22%,50.16%,28.48x,9.16x,5.00x,23.99x,49.16x,19.26%,2.47%,0.00%,0.00%,0.00%,0.00%,0.62%,20.11%
IBOC,International Bancshares Corp,Banking Services,61.29,-4.13%,-3.00%,9.00%,1,0,0.0,1.0,0,0.0,,,-4.00%,0.30%,-2.03%,9.59x,4.74x,1.35x,9.07x,0.00x,15.20%,2.58%,0.00%,0.00%,0.00%,0.00%,2.22%,4.68%
IPGP,IPG Photonics Corporation,Electronic Equipment & Parts,58.85,0.14%,-11.00%,-34.00%,0,0,-1.0,1.0,0,0.0,0.0,-1.0,6.12%,6.16%,-32.26%,0,2.92x,1.36x,0.00x,0.00x,-9.17%,-8.21%,0.00%,107.41%,-3.40%,8.22%,0.00%,0.00%
IRDM,Iridium Communications Inc,Telecommunications Services,24.16,-0.47%,-16.00%,-26.00%,0,0,0.0,0.5,1,-1.0,1.0,1.0,4.03%,-16.77%,-24.16%,24.01x,3.28x,5.35x,8.84x,77.71x,18.01%,4.02%,14.89%,25.00%,5.45%,4.11%,2.19%,0.00%
ITT,ITT Inc,"Machinery, Equipment & Components",137.43,-1.28%,7.00%,5.00%,1,0,0.0,1.0,0,1.0,1.0,1.0,1.21%,4.98%,-2.86%,23.58x,3.21x,4.32x,17.87x,20.92x,19.28%,11.23%,9.39%,11.86%,4.06%,4.67%,0.95%,16.75%
JHG,Janus Henderson Group PLC,Investment Banking & Investment Services,33.16,-4.84%,-9.00%,4.00%,1,0,0.0,1.0,0,1.0,0.5,1.0,4.11%,-10.31%,-2.77%,14.51x,2.27x,1.23x,12.83x,6.86x,8.54%,6.29%,0.00%,0.00%,0.00%,0.00%,4.38%,1.61%
JAZZ,Jazz Pharmaceuticals PLC,Pharmaceuticals,112.89,1.65%,-10.00%,1.00%,-1,0,1.0,-1.0,1,-1.0,1.0,1.0,-7.12%,-17.38%,-7.17%,14.37x,1.63x,1.59x,5.81x,56.25x,12.25%,4.23%,-76.03%,328.34%,3.85%,4.23%,0.00%,0.00%
JEF^C13,Jefferies Financial Group Inc,Investment Banking & Investment Services,46.95,-8.46%,-10.00%,7.00%,0,0,1.0,0.5,0,-1.0,0.5,1.0,-1.75%,-23.30%,-4.92%,17.10x,0.97x,0.99x,12.67x,77.16x,6.34%,1.04%,-18.73%,73.25%,-3.74%,15.31%,3.27%,20.11%
JLL,Jones Lang LaSalle Inc,Real Estate Operations,226.96,-8.72%,-9.00%,23.00%,1,0,0.0,0.5,0,0.0,1.0,1.0,-10.29%,-17.31%,-1.63%,19.42x,0.42x,1.49x,12.68x,28.45x,8.16%,3.35%,18.34%,19.00%,9.13%,7.71%,0.00%,0.00%
KBH,KB Home,Homebuilding & Construction Supplies,53.92,-5.81%,-7.00%,-18.00%,1,0,0.0,0.5,0,0.0,0.0,1.0,-11.37%,-14.62%,-33.30%,6.21x,0.54x,0.90x,5.55x,30.46x,15.58%,9.16%,-16.80%,5.69%,-5.04%,-1.68%,1.95%,40.40%
KBR,KBR Inc,Software & IT Services,52.91,-6.25%,5.00%,-19.00%,1,0,0.0,1.0,0,0.0,1.0,1.0,-8.15%,8.02%,-28.04%,17.51x,0.85x,4.79x,12.06x,65.74x,28.18%,6.45%,15.27%,10.91%,13.09%,8.57%,1.26%,13.40%
KMPR,Kemper Corp,Insurance,58.98,-4.19%,-13.00%,1.00%,0,0,1.0,0.5,0,0.0,1.0,1.0,-0.99%,-0.53%,-5.58%,11.59x,0.84x,1.36x,10.15x,24.45x,12.57%,2.70%,5.77%,6.74%,11.43%,12.29%,2.06%,3.78%
KRC,Kilroy Realty Corp,Residential & Commercial REITs,32.68,-3.05%,-3.00%,-2.00%,0,0,0.0,0.5,0,0.0,0.0,1.0,-9.23%,-1.45%,-15.04%,18.77x,3.30x,0.70x,6.47x,45.18x,3.69%,1.97%,-33.33%,-22.88%,-3.06%,2.02%,6.85%,-1.83%
KNSL,Kinsale Capital Group Inc,Insurance,424.19,-1.40%,-13.00%,12.00%,0,0,1.0,0.5,1,0.0,0.0,1.0,-15.25%,7.49%,4.64%,26.09x,6.57x,6.67x,0.00x,10.42x,29.42%,8.76%,9.84%,15.25%,10.74%,12.97%,0.15%,13.40%
KEX,Kirby Corp,Freight & Logistics Services,95.78,-1.80%,-4.00%,-14.00%,1,0,0.0,1.0,0,0.0,1.0,1.0,2.48%,5.74%,-20.29%,21.26x,1.85x,1.82x,11.14x,24.82x,8.95%,4.97%,19.60%,17.15%,3.62%,5.43%,0.00%,0.00%
KRG,Kite Realty Group Trust,Residential & Commercial REITs,21.86,-5.68%,-2.00%,3.00%,1,0,0.0,1.0,0,0.0,0.5,1.0,-7.40%,1.88%,-7.57%,350.04x,5.54x,1.45x,11.51x,46.33x,0.40%,0.22%,"1,700.00%",22.22%,1.08%,3.65%,5.00%,-4.48%
KNF,Knife River Corp,Construction Materials,92.20,-3.05%,3.00%,18.00%,1,0,0.0,1.0,0,0.0,1.0,1.0,-3.00%,-0.11%,23.37%,30.49x,1.87x,3.89x,16.90x,45.44x,13.75%,6.23%,0.00%,0.00%,0.00%,0.00%,0.00%,0.00%
KNX,Knight-Swift Transportation Holdings Inc,Freight & Logistics Services,38.78,-4.54%,-11.00%,-17.00%,0,0,0.0,0.5,1,0.0,0.5,1.0,1.17%,-14.75%,-16.14%,46.78x,0.95x,0.99x,7.51x,25.20x,2.13%,1.18%,42.45%,68.87%,1.99%,6.70%,1.66%,21.67%
KD,Kyndryl Holdings Inc,Software & IT Services,32.04,-3.39%,2.00%,64.00%,0,0,0.0,1.0,0,1.0,1.0,0.0,16.28%,3.69%,28.08%,70.44x,0.61x,8.34x,10.94x,72.67x,12.09%,1.33%,0.00%,0.00%,0.00%,0.00%,0.00%,0.00%
LAMR,Lamar Advertising Co,Residential & Commercial REITs,113.80,-1.90%,0.00%,-2.00%,-1,0,0.0,0.5,0,0.0,0.0,1.0,-4.09%,-1.84%,-12.76%,27.89x,5.30x,11.40x,13.21x,75.63x,38.15%,6.48%,61.65%,-1.76%,1.79%,3.66%,5.41%,0.00%
LANC,Lancaster Colony Corp,Food & Tobacco,189.71,-2.93%,9.00%,2.00%,0,0,0.0,-1.0,0,-1.0,0.5,1.0,-20.07%,-11.44%,-21.89%,26.32x,2.37x,4.48x,19.53x,0.00x,17.73%,13.86%,9.90%,12.95%,1.48%,2.51%,2.35%,6.84%
LSTR,Landstar System Inc,Freight & Logistics Services,135.32,-4.34%,-8.00%,-24.00%,0,0,0.0,0.5,0,0.0,0.0,1.0,-7.19%,-8.71%,-29.68%,27.43x,1.00x,5.19x,20.70x,14.14x,18.34%,10.32%,-11.80%,31.07%,0.99%,8.35%,1.16%,14.54%
LNTH,Lantheus Holdings Inc,Healthcare Equipment & Supplies,102.70,-6.30%,6.00%,55.00%,0,0,1.0,-1.0,0,-1.0,1.0,1.0,-32.29%,-3.17%,-16.52%,21.21x,3.37x,4.44x,16.31x,32.75x,24.11%,13.09%,-1.04%,10.76%,2.59%,9.32%,0.00%,0.00%
LSCC,Lattice Semiconductor Corp,Semiconductors & Semiconductor Equipment ,48.96,-9.22%,-11.00%,-34.00%,0,0,0.0,0.5,0,-1.0,1.0,1.0,-9.29%,-26.96%,-43.68%,127.70x,13.34x,9.21x,66.95x,0.00x,7.39%,6.27%,10.53%,38.10%,1.38%,18.57%,0.00%,0.00%
LEA,Lear Corp,Automobiles & Auto Parts,84.66,-3.43%,-4.00%,-38.00%,1,1,0.0,1.0,1,1.0,0.5,1.0,-0.45%,-2.86%,-35.07%,10.61x,0.21x,1.04x,4.29x,36.41x,10.00%,3.50%,-8.95%,18.36%,-5.02%,3.62%,3.40%,0.53%
LNW,Light & Wonder Inc,Hotels & Entertainment Services,84.70,-1.88%,-5.00%,-8.00%,0,0,-1.0,-1.0,0,-1.0,0.5,1.0,-7.94%,-18.13%,-21.67%,21.79x,2.16x,11.24x,9.87x,86.30x,46.19%,6.09%,53.26%,23.76%,7.37%,7.48%,0.00%,0.00%
LECO,Lincoln Electric Holdings Inc,"Machinery, Equipment & Components",184.21,-1.77%,-2.00%,-19.00%,1,0,0.0,0.5,-1,-1.0,0.5,1.0,-2.05%,-3.81%,-22.24%,23.98x,2.69x,8.10x,19.68x,48.46x,34.83%,13.17%,-3.01%,10.54%,1.43%,4.64%,1.54%,8.60%
LAD,Lithia Motors Inc,Other Specialty Retailers,290.81,-4.01%,1.00%,11.00%,0,0,1.0,1.0,0,0.0,1.0,1.0,-1.16%,-10.71%,7.72%,9.71x,0.22x,1.19x,6.82x,66.24x,12.95%,3.80%,10.68%,12.61%,4.60%,6.15%,0.72%,11.92%
LFUS,Littelfuse Inc,Electronic Equipment & Parts,179.04,-3.83%,-12.00%,-24.00%,0,0,0.0,1.0,0,0.0,0.5,1.0,10.69%,-14.56%,-27.81%,54.85x,2.33x,2.09x,22.76x,24.70x,3.87%,2.43%,9.79%,25.13%,4.13%,7.69%,1.34%,8.21%
LIVN,LivaNova PLC,Healthcare Equipment & Supplies,37.51,-1.46%,-5.00%,-33.00%,0,0,0.0,1.0,0,0.0,1.0,1.0,8.80%,-5.78%,-35.24%,0,1.85x,2.28x,0.00x,37.81x,-19.70%,-8.85%,7.99%,7.95%,5.73%,6.04%,0.00%,0.00%
LPX,Louisiana-Pacific Corp,Paper & Forest Products,87.18,-2.10%,-5.00%,16.00%,0,0,0.0,1.0,0,0.0,0.5,1.0,-1.31%,-5.05%,-7.03%,16.15x,2.17x,3.78x,12.24x,17.06x,24.36%,15.42%,-21.77%,21.09%,-0.70%,7.27%,1.22%,7.24%
LITE,Lumentum Holdings Inc,Communications & Networking,60.08,-2.42%,-4.00%,38.00%,0,0,0.0,1.0,0,0.0,0.5,1.0,21.22%,4.09%,51.53%,0,3.58x,5.99x,0.00x,74.52x,-42.79%,-10.76%,88.12%,104.21%,19.20%,28.24%,0.00%,0.00%
MTSI,MACOM Technology Solutions Holdings Inc,Semiconductors & Semiconductor Equipment ,104.06,-0.81%,8.00%,4.00%,0,0,0.0,1.0,0,0.0,1.0,1.0,7.97%,2.63%,9.14%,0,10.70x,7.52x,0.00x,31.00x,-7.70%,-4.81%,35.55%,17.58%,31.25%,12.61%,0.00%,0.00%
M,Macy's Inc,Diversified Retail,11.59,-0.75%,-13.00%,-39.00%,0,0,-1.0,0.5,0,0.0,0.0,1.0,1.55%,-20.90%,-46.18%,5.78x,0.14x,0.73x,2.27x,37.91x,13.56%,3.57%,-26.89%,-0.52%,-4.40%,-3.15%,6.12%,-14.38%
MANH,Manhattan Associates Inc,Software & IT Services,174.38,-2.91%,1.00%,-16.00%,0,0,0.0,1.0,0,0.0,1.0,1.0,1.04%,5.57%,-23.96%,53.48x,10.84x,46.44x,50.93x,0.00x,89.60%,31.40%,-2.54%,8.48%,1.86%,7.13%,0.00%,0.00%
MAN,ManpowerGroup Inc,Professional & Commercial Services  ,42.30,-0.72%,-28.00%,-44.00%,0,0,0.0,-1.0,0,-1.0,0.0,0.0,-3.54%,-18.00%,-47.25%,18.66x,0.11x,0.95x,10.10x,33.74x,5.19%,1.34%,-37.14%,51.75%,-3.86%,2.46%,3.35%,7.16%
CART,Maplebear Inc,Software & IT Services,39.92,6.60%,5.00%,21.00%,0,0,0.0,1.0,0,1.0,0.5,1.0,5.99%,-6.28%,29.98%,31.04x,3.55x,3.89x,24.62x,0.00x,13.77%,10.32%,10.76%,21.14%,8.82%,9.14%,0.00%,0.00%
VAC,Marriott Vacations Worldwide Corp,Hotels & Entertainment Services,55.86,-5.32%,-16.00%,-45.00%,0,0,0.0,0.5,0,0.0,0.5,0.0,13.76%,-19.50%,-33.81%,11.57x,0.47x,0.96x,6.24x,68.51x,9.43%,2.31%,1.83%,16.92%,2.36%,3.18%,4.68%,10.19%
MASI,Masimo Corp,Healthcare Equipment & Supplies,164.04,-2.90%,0.00%,20.00%,0,0,0.0,-1.0,0,-1.0,1.0,1.0,-13.46%,-11.42%,7.57%,0,4.12x,8.59x,0.00x,40.75x,-23.93%,-10.54%,30.71%,8.54%,-27.46%,7.77%,0.00%,0.00%
MTZ,MasTec Inc,Construction & Engineering,126.17,-3.11%,9.00%,41.00%,0,0,1.0,1.0,0,0.0,1.0,1.0,15.24%,18.91%,25.15%,55.68x,0.96x,4.14x,16.54x,43.05x,7.70%,2.80%,54.43%,18.20%,11.19%,8.79%,0.00%,0.00%
MTDR,Matador Resources Co,Oil & Gas,41.54,-2.22%,-19.00%,-37.00%,1,0,0.0,0.5,0,0.0,1.0,1.0,0.45%,-19.16%,-34.67%,5.87x,1.46x,1.03x,2.64x,36.01x,19.20%,10.57%,-14.71%,-5.80%,6.16%,1.15%,2.87%,0.00%
MAT,Mattel Inc,Leisure Products,15.72,-3.38%,-19.00%,-15.00%,0,1,0.0,0.5,0,1.0,0.5,1.0,15.73%,-6.62%,-1.23%,12.53x,1.16x,2.95x,9.39x,52.31x,25.50%,8.17%,1.23%,7.32%,1.55%,1.88%,0.00%,0.00%
MMS,Maximus Inc,Professional & Commercial Services  ,67.53,-2.18%,-1.00%,-16.00%,0,0,1.0,1.0,0,0.0,,1.0,0.56%,15.59%,-21.97%,14.68x,0.77x,2.49x,9.70x,47.24x,17.36%,7.28%,30.26%,2.77%,1.12%,3.35%,1.63%,3.71%
MEDP,Medpace Holdings Inc,Biotechnology & Medical Research,298.18,-1.14%,-4.00%,-25.00%,1,0,1.0,-1.0,0,-1.0,0.0,1.0,-9.17%,-11.02%,-31.71%,22.36x,3.91x,14.69x,18.90x,0.00x,65.82%,22.55%,0.48%,3.62%,3.53%,3.46%,0.00%,0.00%
MTG,MGIC Investment Corp,Insurance,24.56,-0.83%,-1.00%,18.00%,1,0,0.0,1.0,0,1.0,0.0,1.0,-0.72%,12.05%,14.18%,8.69x,5.09x,1.22x,7.86x,11.15x,15.12%,11.85%,0.34%,4.11%,1.90%,3.15%,1.99%,32.50%
MIDD,Middleby Corp,"Machinery, Equipment & Components",130.58,-1.76%,-14.00%,-7.00%,0,0,0.0,0.5,0,0.0,0.5,1.0,4.32%,-9.32%,3.58%,18.38x,2.04x,2.12x,14.02x,39.01x,12.33%,6.06%,-1.26%,11.63%,0.95%,3.59%,0.00%,0.00%
MKSI,MKS Inc,"Machinery, Equipment & Components",91.19,-6.91%,33.00%,-24.00%,0,0,0.0,1.0,1,0.0,1.0,0.0,7.51%,-17.58%,-41.54%,25.22x,1.56x,2.41x,9.94x,65.45x,9.54%,2.61%,3.19%,20.62%,4.90%,6.69%,1.04%,1.92%
MORN,Morningstar Inc,Professional & Commercial Services  ,278.74,-1.09%,-5.00%,-2.00%,0,0,0.0,1.0,0,1.0,0.5,1.0,2.93%,-1.81%,-6.88%,34.43x,5.60x,8.10x,21.84x,33.31x,25.68%,11.55%,14.83%,15.67%,5.80%,8.27%,0.59%,7.94%
MSA,MSA Safety Inc,Professional & Commercial Services  ,152.60,-0.16%,4.00%,-19.00%,0,0,0.0,1.0,0,0.0,0.5,1.0,-3.06%,4.26%,-24.21%,21.85x,3.43x,5.24x,17.71x,29.67x,26.30%,12.99%,0.39%,11.90%,1.91%,5.23%,1.34%,4.05%
MSM,MSC Industrial Direct Co Inc,"Machinery, Equipment & Components",77.07,-1.00%,0.00%,-17.00%,0,0,0.0,1.0,0,0.0,0.0,,-4.84%,-0.30%,-21.18%,20.81x,1.17x,3.25x,14.92x,28.31x,15.53%,8.47%,-26.61%,11.05%,-2.26%,3.59%,4.30%,4.69%
MLI,Mueller Industries Inc,"Machinery, Equipment & Components",72.84,-3.73%,-5.00%,27.00%,1,0,0.0,0.5,0,0.0,,1.0,-3.42%,-1.11%,18.44%,13.87x,2.15x,3.16x,12.27x,0.01x,24.51%,20.42%,12.99%,14.17%,12.03%,7.77%,1.31%,31.95%
MUR,Murphy Oil Corp,Oil & Gas,21.21,-6.91%,-26.00%,-55.00%,0,0,1.0,0.5,-1,0.0,0.0,1.0,-5.35%,-22.02%,-54.91%,8.01x,1.04x,0.59x,2.28x,21.85x,7.54%,4.76%,-40.58%,52.44%,-12.03%,6.26%,6.19%,3.71%
MUSA,Murphy USA Inc,Oil & Gas,494.21,-2.58%,7.00%,17.00%,1,0,1.0,-0.5,0,0.0,0.5,1.0,-15.20%,-0.17%,-9.51%,18.52x,0.44x,12.06x,11.62x,73.44x,65.24%,11.12%,-0.58%,14.89%,10.76%,4.59%,0.46%,0.00%
NFG,National Fuel Gas Co,Natural Gas Utilities,78.35,-0.58%,-1.00%,45.00%,1,1,1.0,1.0,0,1.0,0.0,1.0,-3.00%,15.94%,30.99%,183.54x,3.52x,2.63x,15.08x,51.52x,1.30%,0.46%,37.52%,22.50%,23.93%,15.81%,2.56%,3.18%
NSA,National Storage Affiliates Trust,Residential & Commercial REITs,36.17,-4.63%,-7.00%,3.00%,0,0,0.0,1.0,0,0.0,-0.5,1.0,-12.82%,-6.32%,-16.99%,56.97x,3.39x,3.73x,9.30x,66.94x,5.52%,2.03%,-33.90%,2.56%,-3.68%,3.67%,6.75%,12.12%
NBIX,Neurocrine Biosciences Inc,Pharmaceuticals,106.46,-0.96%,-6.00%,-22.00%,0,1,0.0,1.0,1,0.0,1.0,1.0,5.74%,7.43%,-22.39%,40.38x,4.89x,4.65x,35.26x,0.00x,12.43%,8.54%,19.45%,61.32%,13.83%,14.87%,0.00%,0.00%
NJR,New Jersey Resources Corp,Natural Gas Utilities,49.23,-1.67%,0.00%,13.00%,0,1,0.0,-1.0,0,0.0,0.0,1.0,-13.55%,2.51%,-5.56%,11.01x,2.20x,1.84x,7.75x,56.69x,17.83%,5.89%,7.80%,-1.89%,3.44%,3.45%,3.96%,7.50%
NYT,New York Times Co,Media & Publishing,51.38,-1.19%,5.00%,19.00%,1,1,0.0,1.0,0,1.0,0.0,1.0,1.82%,17.88%,0.73%,30.00x,3.41x,4.76x,23.15x,0.00x,16.68%,11.31%,8.96%,7.31%,6.43%,5.88%,1.31%,21.06%
NEU,Newmarket Corp,Chemicals,604.66,0.14%,9.00%,14.00%,1,0,1.0,1.0,0,1.0,,1.0,0.10%,23.57%,6.80%,12.86x,2.19x,4.02x,10.16x,39.46x,35.85%,15.04%,0.00%,0.00%,0.00%,0.00%,1.70%,6.50%
NXST,Nexstar Media Group Inc,Media & Publishing,152.37,-2.63%,-14.00%,-4.00%,0,0,1.0,1.0,0,0.0,1.0,1.0,6.63%,16.15%,-3.51%,8.41x,0.97x,2.32x,3.60x,74.27x,28.50%,5.25%,-36.99%,92.81%,-8.55%,10.14%,4.34%,30.30%
NXT,Nextracker Inc,Renewable Energy,43.20,-8.99%,1.00%,0.00%,1,0,0.0,1.0,0,1.0,1.0,1.0,24.26%,21.22%,-4.72%,16.21x,2.76x,5.01x,15.38x,0.00x,39.33%,18.11%,-7.58%,10.51%,12.32%,10.40%,0.00%,0.00%
NNN,NNN REIT Inc,Residential & Commercial REITs,41.12,-1.13%,-3.00%,0.00%,1,0,0.0,0.5,1,0.0,0.0,1.0,-6.00%,4.23%,-11.13%,19.13x,8.71x,1.77x,11.81x,50.76x,9.34%,4.50%,-7.44%,3.52%,3.40%,4.25%,5.66%,2.46%
NWE,NorthWestern Energy Group Inc,Electrical Utilities & IPPs,58.80,-1.35%,3.00%,18.00%,0,0,0.0,-1.0,0,0.0,0.5,,-12.24%,6.99%,-5.08%,14.23x,2.23x,1.16x,7.15x,51.98x,8.27%,3.00%,5.29%,7.26%,5.13%,4.50%,4.83%,2.48%
NOV,Nov Inc,Oil & Gas Related Equipment and Services,12.24,-5.73%,-18.00%,-35.00%,0,0,0.0,0.5,1,0.0,0.5,1.0,-7.41%,-17.46%,-39.39%,8.13x,0.52x,0.71x,4.74x,23.63x,9.29%,5.21%,-26.88%,17.09%,-3.20%,0.93%,2.47%,6.58%
NOVT,Novanta Inc,Electronic Equipment & Parts,118.55,-5.93%,-7.00%,-25.00%,0,0,-1.0,0.5,0,0.0,0.5,0.0,-5.06%,-10.61%,-32.75%,62.36x,4.61x,5.70x,34.58x,33.85x,9.73%,5.05%,9.42%,20.18%,3.57%,7.62%,0.00%,0.00%
NVT,nVent Electric PLC,"Machinery, Equipment & Components",54.56,-3.02%,4.00%,-28.00%,0,0,0.0,1.0,0,0.0,1.0,1.0,11.37%,2.10%,-28.30%,41.92x,3.31x,2.95x,25.50x,32.78x,7.63%,4.04%,0.00%,0.00%,0.00%,0.00%,1.23%,1.66%
OGE,OGE Energy Corp,Electrical Utilities & IPPs,45.47,-0.30%,-1.00%,33.00%,-1,1,0.0,-1.0,0,0.0,0.0,1.0,-9.06%,3.51%,8.78%,18.18x,2.81x,1.91x,8.53x,56.06x,10.72%,3.61%,4.11%,6.58%,6.84%,4.48%,3.85%,2.48%
OKTA,Okta Inc,Software & IT Services,104.79,-0.39%,-4.00%,12.00%,0,0,0.0,-0.5,1,0.0,0.5,1.0,14.57%,36.31%,11.59%,939.57x,8.31x,3.36x,187.01x,11.81x,0.46%,0.30%,13.88%,10.63%,9.66%,9.87%,0.00%,0.00%
ONB,Old National Bancorp,Banking Services,20.75,-7.03%,-1.00%,26.00%,1,0,0.0,1.0,0,1.0,1.0,1.0,-6.92%,-9.35%,10.36%,12.07x,3.97x,1.05x,12.50x,0.00x,9.38%,1.09%,15.05%,22.90%,33.57%,16.19%,2.70%,1.49%
ORI,Old Republic International Corp,Insurance,37.66,-1.87%,-4.00%,24.00%,1,0,1.0,0.5,0,0.0,0.5,1.0,-8.95%,7.13%,12.70%,12.17x,1.11x,1.56x,0.00x,21.10x,12.68%,2.84%,7.26%,6.46%,8.20%,6.23%,3.11%,5.79%
OLN,Olin Corp,Chemicals,21.87,-7.40%,-10.00%,-59.00%,0,0,0.0,0.5,-1,-1.0,0.0,1.0,-17.52%,-25.79%,-67.40%,38.49x,0.34x,1.12x,3.88x,59.83x,2.94%,0.77%,-39.83%,191.55%,2.40%,3.93%,4.10%,0.00%
OLLI,Ollie's Bargain Outlet Holdings Inc,Diversified Retail,107.54,0.38%,-5.00%,44.00%,1,0,0.0,1.0,0,0.0,1.0,1.0,1.77%,16.76%,40.54%,35.35x,3.09x,4.14x,28.78x,0.09x,12.47%,8.23%,13.72%,14.48%,13.50%,11.60%,0.00%,0.00%
OHI,Omega Healthcare Investors Inc,Residential & Commercial REITs,38.01,-0.96%,-1.00%,21.00%,0,0,1.0,-1.0,0,-1.0,0.0,1.0,-10.70%,4.22%,2.45%,21.81x,9.60x,2.17x,13.68x,47.41x,10.85%,4.83%,10.32%,6.43%,11.16%,5.94%,7.44%,0.23%
OGS,ONE Gas Inc,Natural Gas Utilities,77.97,-0.89%,2.00%,22.00%,0,0,0.0,-0.5,0,0.0,0.5,,-12.12%,6.45%,6.42%,17.75x,1.95x,1.38x,8.08x,50.21x,8.08%,3.02%,9.72%,4.43%,21.09%,4.13%,3.65%,5.71%
ONTO,Onto Innovation Inc,Semiconductors & Semiconductor Equipment ,124.73,-3.27%,3.00%,-34.00%,0,0,0.0,0.5,0,-1.0,0.5,1.0,-29.18%,-40.59%,-62.36%,21.48x,4.52x,2.41x,16.70x,0.00x,11.83%,10.76%,-3.00%,14.09%,1.33%,7.80%,0.00%,0.00%
OPCH,Option Care Health Inc,Healthcare Providers & Services,32.97,-1.42%,-5.00%,11.00%,0,0,1.0,-1.0,0,0.0,1.0,1.0,-6.55%,3.55%,0.23%,25.58x,1.01x,3.88x,18.84x,45.12x,15.38%,6.52%,8.94%,18.66%,11.01%,8.52%,0.00%,0.00%
ORA,"Ormat Technologies, Inc.",Electrical Utilities & IPPs,73.22,-5.60%,4.00%,16.00%,0,0,-1.0,1.0,0,0.0,0.5,0.0,-8.40%,7.22%,-11.82%,34.40x,4.86x,1.75x,10.66x,47.48x,5.22%,2.35%,-2.73%,15.42%,8.36%,14.34%,0.68%,1.76%
OSK,Oshkosh Corp,"Machinery, Equipment & Components",88.84,-1.74%,-6.00%,-25.00%,1,1,0.0,1.0,0,1.0,0.5,1.0,4.17%,-6.55%,-23.23%,10.51x,0.60x,1.50x,7.62x,25.87x,15.24%,6.50%,-12.35%,14.48%,-3.93%,5.05%,2.07%,0.00%
OVV,Ovintiv Inc,Oil & Gas,35.00,-5.21%,-18.00%,-35.00%,1,0,0.0,0.5,1,0.0,1.0,1.0,-3.02%,-17.98%,-33.49%,15.19x,1.01x,0.92x,3.21x,35.50x,6.17%,3.18%,0.00%,0.00%,0.00%,0.00%,3.36%,26.19%
OC,Owens Corning,Homebuilding & Construction Supplies,143.96,-5.18%,1.00%,-14.00%,1,1,0.0,0.5,0,0.0,0.5,1.0,-11.87%,-17.77%,-30.84%,19.69x,1.03x,2.35x,8.82x,53.12x,11.93%,4.68%,-14.02%,8.70%,-4.75%,1.90%,2.04%,22.22%
PK,Park Hotels & Resorts Inc,Residential & Commercial REITs,10.06,-5.26%,-8.00%,-40.00%,0,0,-1.0,0.5,0,0.0,0.0,1.0,-3.58%,-17.55%,-42.22%,17.29x,0.79x,0.59x,5.11x,57.06x,3.46%,1.56%,0.00%,0.00%,0.00%,0.00%,9.75%,-6.76%
PSN,Parsons Corp,Aerospace & Defense,68.32,-0.50%,14.00%,-15.00%,0,0,0.0,1.0,-1,0.0,0.5,1.0,-5.31%,14.79%,-19.99%,19.31x,1.07x,2.96x,12.81x,32.59x,17.75%,8.81%,0.00%,0.00%,0.00%,0.00%,0.00%,0.00%
PCTY,Paylocity Holding Corp,Software & IT Services,189.82,-1.15%,3.00%,22.00%,1,0,0.0,1.0,0,1.0,1.0,1.0,-1.93%,-0.11%,5.33%,49.11x,7.01x,9.05x,33.86x,16.78x,19.70%,4.49%,6.54%,2.86%,12.84%,8.80%,0.00%,0.00%
PBF,PBF Energy Inc,Oil & Gas,17.08,-7.72%,-14.00%,-72.00%,1,0,0.0,1.0,0,0.0,-0.5,1.0,20.83%,-9.17%,-61.69%,0,0.08x,0.47x,0.00x,30.31x,-18.02%,-7.85%,-46.53%,0.00%,-10.95%,7.40%,5.32%,-3.10%
PEGA,Pegasystems Inc,Software & IT Services,91.11,0.70%,32.00%,48.00%,1,0,,1.0,0,0.0,1.0,1.0,2.18%,27.73%,46.41%,50.66x,5.18x,13.91x,39.90x,0.00x,39.29%,13.89%,14.52%,3.75%,9.20%,5.82%,0.12%,-4.36%
PAG,Penske Automotive Group Inc,Other Specialty Retailers,157.86,-1.90%,11.00%,1.00%,0,0,0.0,1.0,1,0.0,0.5,1.0,-3.42%,1.44%,-3.23%,11.47x,0.35x,2.01x,9.68x,51.45x,18.57%,5.76%,0.36%,2.90%,2.23%,3.69%,2.91%,22.95%
$PEN,Penumbra Inc,Healthcare Equipment & Supplies,297.32,-3.11%,12.00%,47.00%,0,0,1.0,-1.0,0,0.0,1.0,1.0,-16.03%,-7.85%,21.79%,260.02x,8.33x,8.51x,162.86x,1.90x,3.50%,2.66%,69.82%,32.89%,13.45%,14.23%,0.00%,0.00%
PFGC,Performance Food Group Co,Food & Drug Retailing ,79.57,-5.03%,3.00%,15.00%,0,0,1.0,1.0,0,0.0,1.0,0.0,-2.71%,3.69%,6.16%,34.78x,0.21x,2.99x,12.48x,60.59x,9.05%,2.50%,1.86%,17.58%,8.46%,5.57%,0.00%,0.00%
PR,Permian Resources Corp,Oil & Gas,12.39,-5.17%,-11.00%,-29.00%,1,0,-1.0,1.0,1,1.0,1.0,1.0,-1.11%,-8.02%,-25.65%,7.93x,2.00x,1.10x,3.16x,27.09x,14.29%,8.78%,0.00%,-2.76%,4.72%,2.09%,5.14%,0.00%
PRGO,Perrigo Company PLC,Pharmaceuticals,25.19,0.42%,-10.00%,-21.00%,0,0,0.0,-0.5,0,0.0,0.5,1.0,-0.42%,9.53%,-18.23%,0,0.83x,0.83x,22.56x,45.39x,-3.64%,-1.61%,17.90%,7.59%,1.16%,2.28%,4.39%,18.65%
PPC,Pilgrims Pride Corp,Food & Tobacco,53.31,4.04%,0.00%,50.00%,1,1,1.0,-1.0,0,0.0,0.0,1.0,-14.43%,12.14%,38.55%,9.69x,0.65x,3.73x,7.09x,50.42x,36.53%,11.66%,-0.37%,-12.04%,2.29%,1.13%,0.00%,0.00%
PNFP,Pinnacle Financial Partners Inc,Banking Services,100.22,-4.41%,-5.00%,25.00%,-1,0,1.0,1.0,0,0.0,0.5,0.0,-0.79%,-6.12%,18.17%,17.23x,4.64x,1.30x,14.20x,0.00x,7.80%,0.95%,12.05%,12.31%,20.92%,11.79%,0.91%,6.58%
PLNT,Planet Fitness Inc,Hotels & Entertainment Services,96.15,6.96%,0.00%,59.00%,1,0,0.0,1.0,1,0.0,1.0,0.0,2.14%,10.15%,47.10%,49.70x,7.29x,0.00x,25.63x,111.30x,0.00%,6.08%,13.13%,17.06%,10.35%,10.27%,0.00%,0.00%
PII,Polaris Inc,Automobiles & Auto Parts,33.74,2.56%,-17.00%,-59.00%,0,0,-1.0,0.5,0,-1.0,0.0,1.0,4.63%,-10.40%,-56.43%,55.17x,0.32x,1.80x,6.54x,62.55x,3.09%,0.74%,0.00%,0.00%,-6.97%,3.93%,6.83%,1.59%
POR,Portland General Electric Co,Electrical Utilities & IPPs,41.41,-1.09%,-7.00%,-3.00%,0,0,0.0,-1.0,0,0.0,0.0,1.0,-8.82%,-0.21%,-15.17%,14.58x,1.33x,1.19x,5.58x,56.69x,8.33%,2.50%,2.87%,4.33%,4.18%,4.25%,5.03%,5.41%
POST,Post Holdings Inc,Food & Tobacco,111.20,-2.24%,-2.00%,7.00%,1,0,1.0,-1.0,0,0.0,1.0,1.0,-11.25%,-1.52%,-6.58%,19.18x,0.76x,1.59x,7.09x,64.39x,9.15%,2.86%,0.00%,0.00%,0.00%,0.00%,0.00%,0.00%
PCH,Potlatchdeltic Corp,Residential & Commercial REITs,39.44,-4.22%,-13.00%,-5.00%,-1,0,0.0,-1.0,0,-1.0,1.0,0.0,-7.70%,-11.53%,-20.14%,63.43x,2.74x,1.50x,19.33x,34.25x,2.31%,1.44%,217.86%,31.46%,1.78%,4.72%,4.69%,0.00%
POWI,Power Integrations Inc,Semiconductors & Semiconductor Equipment ,50.47,-6.91%,-1.00%,-25.00%,0,0,0.0,0.5,0,0.0,1.0,1.0,-5.52%,-20.70%,-41.33%,77.77x,6.57x,3.89x,40.71x,0.00x,5.03%,4.58%,34.48%,28.21%,13.74%,16.11%,1.66%,18.27%
PRI,"Primerica, Inc.",Insurance,264.28,-2.76%,-8.00%,23.00%,1,0,1.0,0.5,0,0.0,0.0,1.0,-4.31%,0.47%,6.14%,12.21x,2.79x,3.93x,11.59x,45.45x,33.27%,5.02%,5.19%,8.67%,3.58%,4.64%,1.55%,19.40%
PB,Prosperity Bancshares Inc,Banking Services,67.73,-3.17%,-5.00%,6.00%,0,0,0.0,0.5,1,0.0,0.5,1.0,-2.99%,-5.56%,0.46%,13.36x,5.45x,0.89x,12.46x,0.00x,6.83%,1.29%,14.46%,11.25%,7.37%,7.66%,3.32%,1.48%
PSTG,Pure Storage Inc,"Computers, Phones & Household Electronics",45.38,1.03%,-1.00%,-14.00%,0,0,0.0,1.0,0,0.0,0.5,1.0,16.60%,-13.43%,-15.57%,183.94x,5.79x,13.99x,77.39x,7.14x,8.29%,2.80%,0.59%,26.90%,10.79%,14.02%,0.00%,0.00%
PVH,PVH Corp,Textiles & Apparel,71.11,-2.44%,13.00%,-34.00%,1,0,0.0,1.0,0,0.0,0.5,1.0,4.83%,10.92%,-31.98%,7.89x,0.46x,0.86x,4.54x,28.91x,11.67%,5.39%,3.66%,16.76%,0.07%,2.14%,0.18%,0.00%
QLYS,Qualys Inc,Software & IT Services,126.25,0.39%,0.00%,-26.00%,0,0,0.0,1.0,-1,0.0,0.0,1.0,2.56%,2.48%,-14.71%,27.90x,7.97x,9.97x,24.91x,0.00x,40.23%,19.53%,1.31%,6.12%,7.47%,6.64%,0.00%,0.00%
RMBS,Rambus Inc,Semiconductors & Semiconductor Equipment ,52.22,-3.96%,-5.00%,-14.00%,0,0,0.0,1.0,0,0.0,1.0,1.0,3.70%,-12.10%,-16.48%,28.56x,9.67x,5.05x,23.54x,0.00x,19.26%,16.01%,38.33%,14.86%,23.51%,12.70%,0.00%,0.00%
RRC,Range Resources Corp,Oil & Gas,35.25,-2.21%,-11.00%,-7.00%,0,0,1.0,1.0,0,0.0,0.5,1.0,9.27%,4.03%,-3.81%,35.35x,3.61x,2.40x,15.05x,30.10x,6.96%,3.68%,43.48%,23.94%,37.59%,12.02%,0.91%,31.95%
RYN,Rayonier Inc,Residential & Commercial REITs,24.63,-2.79%,-12.00%,-19.00%,0,0,0.0,-1.0,0,-1.0,0.5,1.0,-11.54%,-6.50%,-28.00%,10.23x,3.09x,1.90x,7.45x,34.50x,18.78%,10.43%,-4.26%,37.78%,-58.80%,13.70%,4.67%,0.00%
RBA,RB Global Inc,Professional & Commercial Services  ,98.75,1.99%,1.00%,35.00%,0,0,0.0,1.0,0,0.0,1.0,1.0,5.32%,1.23%,24.99%,53.32x,4.65x,3.81x,20.43x,31.99x,7.31%,3.50%,0.00%,0.00%,0.00%,0.00%,1.07%,8.25%
RBC,RBC Bearings Inc,"Machinery, Equipment & Components",324.75,-2.04%,0.00%,34.00%,0,0,0.0,1.0,1,0.0,1.0,1.0,2.31%,2.13%,11.14%,46.84x,6.92x,3.86x,32.01x,23.40x,8.09%,5.26%,11.89%,10.36%,7.51%,7.46%,0.00%,0.00%
RRX,Regal Rexnord Corp,"Machinery, Equipment & Components",106.03,-3.36%,-9.00%,-35.00%,0,0,0.0,1.0,0,0.0,1.0,,19.19%,3.91%,-22.58%,38.49x,1.52x,1.39x,12.03x,45.17x,3.69%,1.62%,8.11%,14.81%,-2.81%,3.99%,1.04%,3.83%
RGA,Reinsurance Group of America Inc,Insurance,190.59,-1.00%,-4.00%,0.00%,1,0,1.0,1.0,0,0.0,0.5,1.0,-0.56%,8.34%,-13.14%,17.12x,0.64x,1.18x,0.00x,33.29x,7.60%,0.68%,15.20%,10.56%,5.14%,9.85%,1.75%,6.00%
RS,Reliance Inc,Metals & Mining,287.28,-1.63%,-1.00%,-2.00%,0,0,0.0,1.0,0,0.0,0.5,1.0,-2.61%,2.35%,-11.10%,21.21x,1.14x,2.20x,14.84x,17.16x,10.27%,7.35%,3.27%,17.27%,1.75%,4.71%,1.62%,14.87%
RNR,Renaissancere Holdings Ltd,Insurance,237.89,-1.77%,-3.00%,7.00%,1,0,1.0,1.0,1,1.0,0.5,1.0,-1.65%,9.22%,-6.11%,7.56x,0.94x,1.22x,0.00x,13.91x,17.24%,4.43%,-51.04%,70.64%,8.78%,0.99%,0.67%,2.78%
RGEN,Repligen Corp,Healthcare Equipment & Supplies,143.63,-2.28%,9.00%,-13.00%,-1,0,0.0,-1.0,0,-1.0,0.5,-1.0,-22.13%,-22.46%,-33.74%,0,10.40x,3.41x,96.70x,21.06x,-1.16%,-0.81%,6.33%,29.17%,11.70%,14.35%,0.00%,0.00%
REXR,Rexford Industrial Realty Inc,Residential & Commercial REITs,33.38,-2.43%,-16.00%,-23.00%,1,0,1.0,0.5,0,0.0,0.5,1.0,-3.95%,-11.31%,-30.98%,28.06x,8.39x,0.94x,14.04x,26.74x,3.30%,2.32%,-7.50%,7.21%,7.39%,7.85%,4.98%,17.92%
RH,RH,Other Specialty Retailers,183.53,-14.14%,-21.00%,-25.00%,-1,0,-1.0,0.5,1,-1.0,0.5,1.0,-4.63%,-46.41%,-33.11%,51.94x,1.10x,0.00x,16.39x,105.28x,0.00%,1.93%,87.94%,42.05%,10.61%,10.31%,0.00%,0.00%
RLI,RLI Corp,Insurance,73.91,-0.99%,-9.00%,1.00%,1,0,1.0,-1.0,0,0.0,0.0,1.0,-7.53%,3.89%,-6.74%,24.37x,3.92x,4.24x,0.00x,5.87x,17.99%,5.08%,6.62%,3.27%,6.52%,5.95%,0.86%,4.47%
ROIV,Roivant Sciences Ltd,Pharmaceuticals,11.19,1.67%,6.00%,0.00%,1,0,,1.0,0,0.0,1.0,1.0,-6.63%,6.87%,-11.97%,0,154.85x,1.52x,0.00x,0.00x,-8.68%,-10.07%,0.00%,-257.14%,-24.40%,-69.96%,0.00%,0.00%
RGLD,Royal Gold Inc (USA),Metals & Mining,180.84,4.39%,10.00%,44.00%,0,0,1.0,1.0,0,0.0,0.5,1.0,-9.63%,21.56%,23.07%,29.19x,15.23x,3.63x,21.64x,0.00x,13.03%,11.78%,33.65%,12.66%,21.37%,15.65%,1.02%,0.00%
RPM,RPM International Inc,Chemicals,105.11,-1.66%,-8.00%,-3.00%,1,0,-1.0,0.5,0,0.0,0.0,1.0,0.06%,-4.35%,-9.07%,22.53x,1.98x,5.40x,17.41x,43.94x,25.53%,9.92%,4.66%,8.51%,-0.45%,3.42%,1.81%,5.60%
RYAN,Ryan Specialty Holdings Inc,Insurance,65.38,-1.65%,-11.00%,33.00%,0,0,0.0,0.5,1,-1.0,0.5,1.0,-7.28%,4.90%,12.48%,191.35x,6.80x,33.27x,46.24x,77.72x,9.31%,2.17%,0.00%,0.00%,0.00%,0.00%,0.70%,0.00%
R,Ryder System Inc,Freight & Logistics Services,138.17,-4.57%,-2.00%,13.00%,1,0,1.0,1.0,1,0.0,0.5,1.0,1.44%,-5.22%,12.80%,13.18x,0.49x,2.07x,2.76x,72.11x,16.41%,3.05%,7.17%,13.84%,0.94%,4.36%,2.16%,6.68%
SBRA,Sabra Health Care REIT Inc,Residential & Commercial REITs,17.50,-3.77%,-1.00%,25.00%,0,0,1.0,1.0,0,0.0,0.5,1.0,-8.31%,9.19%,8.41%,28.93x,5.65x,1.50x,13.08x,46.98x,5.15%,2.65%,31.48%,8.45%,3.80%,5.17%,7.02%,-7.79%
SAIA,Saia Inc,Freight & Logistics Services,237.11,-4.17%,-32.00%,-43.00%,1,0,0.0,-1.0,0,-1.0,0.5,1.0,-28.96%,-38.16%,-35.46%,22.37x,2.20x,3.02x,13.18x,11.13x,14.63%,10.48%,-30.20%,32.45%,1.69%,7.49%,0.00%,0.00%
SRPT,Sarepta Therapeutics Inc,Pharmaceuticals,61.51,9.98%,-14.00%,-53.00%,0,0,-1.0,-1.0,1,-1.0,1.0,1.0,-41.03%,-62.53%,-72.53%,0,1.71x,3.34x,0.00x,49.90x,-23.61%,-7.43%,0.00%,0.00%,36.07%,12.72%,0.00%,0.00%
SAIC,Science Applications International Corp,Software & IT Services,120.88,0.43%,8.00%,-6.00%,1,0,0.0,1.0,0,1.0,0.5,1.0,-5.89%,24.74%,-18.98%,17.01x,0.77x,3.73x,11.51x,58.47x,21.53%,6.86%,0.88%,10.10%,2.59%,2.71%,1.21%,0.83%
SMG,Scotts Miracle-Gro Co,Chemicals,53.72,-0.41%,-3.00%,-22.00%,0,0,0.0,1.0,0,0.0,1.0,1.0,6.57%,1.25%,-16.83%,117.93x,1.02x,0.00x,30.69x,112.85x,0.00%,0.97%,51.09%,21.68%,-3.30%,1.90%,4.34%,3.43%
SEIC,SEI Investments Co,Investment Banking & Investment Services,77.78,-0.35%,2.00%,18.00%,1,0,0.0,1.0,1,1.0,0.5,1.0,0.77%,7.56%,12.75%,18.38x,4.86x,4.67x,15.55x,0.00x,26.62%,23.42%,5.67%,8.37%,4.03%,4.56%,1.16%,6.87%
SIGI,Selective Insurance Group Inc,Insurance,87.18,-2.34%,-5.00%,-13.00%,0,0,1.0,1.0,0,0.0,0.0,1.0,-8.95%,14.26%,-19.16%,23.61x,1.06x,1.72x,20.23x,21.70x,7.68%,1.79%,117.74%,18.26%,9.18%,7.42%,1.76%,11.96%
ST,Sensata Technologies Holding PLC,Electronic Equipment & Parts,21.37,-6.55%,-14.00%,-39.00%,1,0,,1.0,1,0.0,0.0,1.0,10.76%,-10.80%,-44.78%,31.26x,0.97x,1.31x,8.79x,52.91x,4.20%,1.65%,-6.10%,8.98%,-7.20%,4.26%,1.88%,0.00%
SCI,Service Corporation International,Personal &Household Products & Services,79.70,-0.47%,-2.00%,9.00%,0,0,0.0,-1.0,0,-1.0,1.0,1.0,-8.92%,1.97%,-2.29%,21.10x,2.59x,6.65x,12.64x,74.50x,32.71%,3.12%,7.08%,10.32%,2.39%,3.41%,1.67%,11.07%
FOUR,Shift4 Payments Inc,Professional & Commercial Services  ,79.66,-1.64%,-5.00%,36.00%,1,0,1.0,0.5,0,0.0,1.0,1.0,1.93%,-7.30%,19.40%,29.53x,2.23x,9.63x,12.90x,73.68x,30.28%,6.79%,34.18%,20.15%,21.11%,20.94%,0.00%,0.00%
SLGN,Silgan Holdings Inc,Containers & Packaging,51.73,0.05%,1.00%,10.00%,0,0,1.0,1.0,0,0.0,1.0,1.0,-0.27%,3.57%,6.86%,20.35x,0.98x,2.81x,10.20x,68.96x,14.52%,3.52%,13.26%,9.27%,10.09%,2.69%,1.46%,11.55%
SLAB,Silicon Laboratories Inc,Semiconductors & Semiconductor Equipment ,102.62,-7.82%,-9.00%,-16.00%,0,0,-1.0,0.5,0,0.0,0.5,1.0,10.94%,-19.01%,-12.60%,0,6.10x,3.73x,0.00x,0.00x,-14.77%,-12.82%,0.00%,289.06%,34.57%,19.90%,0.00%,0.00%
SSD,Simpson Manufacturing Co Inc,Homebuilding & Construction Supplies,153.83,-4.69%,-2.00%,-12.00%,0,0,0.0,1.0,0,0.0,0.5,1.0,-5.47%,-4.51%,-18.00%,20.23x,2.90x,3.54x,15.86x,16.94x,18.10%,11.71%,6.58%,9.63%,2.65%,6.05%,0.75%,4.10%
SKX,Skechers USA Inc,Textiles & Apparel,48.11,-0.06%,-16.00%,-27.00%,1,1,0.0,1.0,0,1.0,0.5,1.0,15.38%,-1.01%,-16.92%,14.91x,1.02x,2.06x,9.94x,10.32x,14.67%,8.81%,-14.42%,5.06%,6.77%,6.94%,0.00%,0.00%
SLM,SLM Corp,Banking Services,28.21,0.75%,-4.00%,27.00%,0,0,0.0,1.0,1,0.0,1.0,1.0,12.27%,10.01%,48.39%,12.12x,3.78x,3.30x,11.26x,0.00x,30.17%,2.18%,16.04%,11.25%,3.65%,9.57%,1.55%,30.83%
SGI,Somnigroup International Inc,Household Goods,60.94,-2.49%,4.00%,22.00%,0,0,0.0,1.0,0,0.0,1.0,1.0,-2.17%,3.03%,14.36%,41.18x,2.50x,4.88x,29.12x,64.66x,17.92%,3.47%,-3.14%,23.08%,50.03%,5.96%,0.93%,0.00%
SON,Sonoco Products Co,Containers & Packaging,46.45,-1.57%,-1.00%,-18.00%,0,0,0.0,0.5,0,0.0,1.0,1.0,-8.73%,2.16%,-33.10%,87.78x,0.83x,1.82x,11.46x,74.32x,2.13%,0.41%,22.29%,9.53%,43.44%,0.62%,4.70%,4.02%
SHC,Sotera Health Co,Healthcare Providers & Services,11.26,-3.77%,-5.00%,-2.00%,0,0,0.0,1.0,0,0.0,1.0,1.0,1.86%,-5.04%,-1.00%,141.90x,3.14x,8.40x,18.42x,84.84x,5.88%,0.81%,7.14%,13.33%,3.85%,5.92%,0.00%,0.00%
SSB,SouthState Corp,Banking Services,87.49,-3.37%,-5.00%,12.00%,0,0,0.0,0.5,0,0.0,1.0,1.0,-8.03%,-9.17%,2.07%,13.87x,4.62x,1.03x,15.21x,0.00x,7.18%,0.92%,18.59%,8.54%,51.51%,5.57%,2.46%,4.89%
SWX,Southwest Gas Holdings Inc,Natural Gas Utilities,72.75,-0.12%,-1.00%,-3.00%,0,1,0.0,-1.0,0,0.0,0.0,1.0,-11.40%,-6.11%,-19.00%,22.15x,1.03x,1.39x,7.38x,57.31x,6.49%,1.89%,17.72%,11.56%,1.65%,3.64%,3.59%,2.85%
SR,Spire Inc,Natural Gas Utilities,77.39,1.21%,-2.00%,25.00%,0,0,0.0,-1.0,0,0.0,0.5,1.0,-11.52%,4.05%,7.63%,18.13x,1.77x,1.33x,8.15x,57.48x,7.39%,2.29%,11.62%,10.85%,0.40%,7.08%,4.27%,4.97%
SFM,Sprouts Farmers Market Inc,Food & Drug Retailing ,169.76,0.30%,14.00%,151.00%,1,0,1.0,1.0,0,0.0,0.5,1.0,-8.88%,-0.24%,85.62%,36.43x,1.96x,12.33x,26.88x,0.64x,35.74%,12.39%,36.00%,12.55%,13.69%,11.04%,0.00%,0.00%
STAG,Stag Industrial Inc,Residential & Commercial REITs,32.84,-3.41%,-8.00%,-5.00%,0,0,1.0,0.5,0,0.0,0.5,1.0,-2.86%,2.15%,-13.43%,25.88x,8.14x,1.84x,11.74x,46.12x,7.15%,3.79%,9.62%,-8.77%,9.25%,8.85%,4.35%,0.20%
STWD,Starwood Property Trust Inc,Residential & Commercial REITs,19.12,-3.38%,-5.00%,-3.00%,0,0,1.0,1.0,0,-1.0,1.0,1.0,-3.18%,1.43%,-11.48%,20.46x,3.51x,1.03x,17.17x,71.94x,4.90%,0.52%,-9.90%,8.79%,-9.21%,4.36%,9.87%,-3.32%
SF,Stifel Financial Corp,Investment Banking & Investment Services,85.99,-3.95%,-9.00%,9.00%,0,0,1.0,1.0,0,0.0,0.5,1.0,3.26%,-7.89%,4.44%,18.00x,1.62x,2.00x,14.54x,85.18x,12.36%,1.58%,-6.02%,37.81%,3.73%,9.94%,1.95%,33.24%
SYNA,Synaptics Inc,Semiconductors & Semiconductor Equipment ,56.27,-7.16%,-10.00%,-36.00%,0,0,0.0,1.0,1,0.0,0.5,1.0,1.53%,-15.80%,-40.92%,16.40x,2.25x,1.70x,8.16x,37.56x,11.92%,6.14%,61.78%,20.05%,11.62%,8.91%,0.00%,0.00%
SNV,Synovus Financial Corp,Banking Services,43.51,-4.25%,-7.00%,17.00%,1,0,1.0,1.0,0,0.0,0.5,1.0,2.42%,-8.39%,8.28%,13.26x,3.25x,1.36x,11.74x,0.00x,10.89%,0.92%,14.67%,6.69%,18.48%,5.42%,3.30%,0.95%
TMHC,Taylor Morrison Home Corp,Homebuilding & Construction Supplies,57.26,-4.11%,-4.00%,0.00%,0,0,0.0,0.5,0,0.0,1.0,1.0,-8.73%,-4.51%,-10.69%,6.57x,0.68x,0.96x,5.98x,25.91x,15.97%,9.94%,1.81%,1.19%,1.28%,0.95%,0.00%,0.00%
SNX,TD Synnex Corp,"Computers, Phones & Household Electronics",110.73,-1.32%,6.00%,-5.00%,1,0,0.0,0.5,0,0.0,0.5,1.0,4.05%,-10.62%,-14.07%,15.28x,0.17x,1.26x,9.41x,34.96x,8.40%,2.42%,1.03%,13.14%,2.30%,4.39%,1.44%,1.30%
THC,Tenet Healthcare Corp,Healthcare Providers & Services,123.91,-1.65%,-8.00%,27.00%,1,0,1.0,1.0,1,1.0,1.0,1.0,21.91%,23.10%,12.37%,10.67x,0.73x,3.58x,4.73x,60.35x,38.12%,8.09%,7.07%,8.88%,1.15%,5.02%,0.00%,0.00%
TEX,Terex Corp,"Machinery, Equipment & Components",35.78,-2.26%,-7.00%,-40.00%,1,0,0.0,1.0,-1,0.0,0.0,1.0,18.46%,5.34%,-32.68%,12.50x,0.59x,1.63x,8.50x,58.38x,13.85%,5.16%,-4.64%,19.45%,3.67%,4.28%,1.48%,9.10%
TTEK,Tetra Tech Inc,Professional & Commercial Services  ,31.20,0.77%,7.00%,-19.00%,1,0,0.0,1.0,0,0.0,0.5,1.0,5.66%,23.90%,-26.94%,51.05x,2.05x,5.94x,36.68x,39.19x,11.91%,4.56%,16.67%,4.76%,6.03%,-2.08%,0.73%,15.29%
TCBI,Texas Capital Bancshares Inc,Banking Services,68.54,-6.05%,-8.00%,17.00%,0,0,1.0,1.0,0,0.0,0.0,-1.0,-0.83%,-6.92%,9.16%,42.77x,3.46x,1.06x,24.74x,0.00x,2.71%,0.33%,335.16%,14.72%,43.01%,9.20%,0.00%,0.00%
TXRH,Texas Roadhouse Inc,Hotels & Entertainment Services,166.66,-0.36%,-6.00%,3.00%,1,0,0.0,1.0,1,1.0,0.5,1.0,9.48%,15.19%,2.54%,29.10x,2.28x,9.08x,19.88x,0.00x,33.55%,14.76%,3.55%,12.99%,9.00%,8.90%,1.44%,15.25%
THO,Thor Industries Inc,Leisure Products,73.10,-1.62%,-4.00%,-27.00%,0,0,0.0,1.0,0,0.0,0.0,0.0,1.03%,-16.48%,-24.89%,21.28x,0.45x,1.08x,8.95x,21.70x,5.13%,2.88%,-28.74%,47.73%,-7.88%,7.43%,2.49%,4.18%
TKR,Timken Co,"Machinery, Equipment & Components",65.29,-4.39%,-10.00%,-24.00%,0,0,0.0,0.5,1,-1.0,0.5,1.0,0.13%,-13.38%,-30.35%,14.96x,1.07x,1.66x,8.39x,40.78x,11.85%,5.43%,-8.98%,15.37%,-2.01%,3.44%,2.02%,3.81%
TOL,Toll Brothers Inc,Homebuilding & Construction Supplies,101.12,-2.11%,-5.00%,-17.00%,1,1,0.0,0.5,0,1.0,0.5,1.0,-3.25%,-5.30%,-20.64%,7.73x,0.96x,1.29x,6.99x,26.01x,18.09%,10.06%,-7.59%,5.41%,2.57%,0.83%,0.96%,15.39%
BLD^C12,TopBuild Corp,Construction & Engineering,296.65,-5.29%,-3.00%,-27.00%,1,0,1.0,1.0,0,1.0,0.5,1.0,-12.84%,-8.53%,-36.59%,14.20x,1.52x,3.81x,10.91x,39.28x,24.59%,11.98%,-4.37%,8.35%,-3.39%,2.92%,0.00%,0.00%
TTC,Toro Co,"Machinery, Equipment & Components",68.74,-1.94%,-7.00%,-22.00%,0,0,0.0,0.5,0,0.0,0.5,0.0,2.17%,-3.56%,-21.05%,19.16x,1.64x,5.12x,13.95x,43.00x,26.98%,10.85%,3.36%,9.05%,0.64%,2.82%,2.03%,9.86%
TNL,Travel + Leisure Co,Hotels & Entertainment Services,44.00,-5.56%,-5.00%,-4.00%,1,0,0.0,0.5,1,0.0,0.5,1.0,2.79%,-12.21%,-1.57%,8.69x,0.82x,0.00x,6.34x,118.99x,0.00%,5.58%,8.35%,15.25%,2.59%,4.15%,4.68%,2.13%
TREX,Trex Company Inc,Homebuilding & Construction Supplies,57.44,-4.75%,1.00%,-36.00%,1,0,0.0,1.0,0,0.0,0.5,1.0,-9.21%,-7.87%,-40.93%,31.28x,5.49x,6.74x,24.28x,32.79x,23.07%,13.48%,5.26%,13.18%,6.33%,7.83%,0.00%,0.00%
TXNM,TXNM Energy Inc,Electrical Utilities & IPPs,53.42,5.84%,-1.00%,46.00%,0,0,0.0,1.0,0,0.0,1.0,1.0,-1.43%,14.79%,35.85%,25.08x,2.59x,2.09x,8.10x,69.63x,8.39%,2.04%,1.82%,8.24%,10.94%,5.49%,2.89%,5.97%
UFPI,Ufp Industries Inc,Paper & Forest Products,106.58,-3.62%,0.00%,-6.00%,1,0,0.0,0.5,0,-1.0,0.5,1.0,-15.05%,-6.87%,-25.79%,15.93x,0.89x,1.82x,11.17x,6.69x,11.33%,9.16%,-11.37%,13.83%,-1.10%,4.65%,1.43%,26.97%
UGI,UGI Corp,Natural Gas Utilities,32.68,0.79%,-1.00%,-46.00%,1,0,0.0,1.0,0,1.0,0.5,1.0,2.21%,13.80%,31.32%,14.65x,1.04x,1.53x,7.03x,58.34x,11.03%,3.40%,2.61%,0.32%,2.25%,1.14%,4.21%,6.79%
UMBF,UMB Financial Corp,Banking Services,95.93,-4.09%,-5.00%,15.00%,0,0,0.0,1.0,1,0.0,0.5,1.0,-0.91%,-2.74%,9.95%,12.84x,4.32x,1.17x,16.20x,0.00x,8.38%,0.72%,11.79%,11.94%,54.39%,7.71%,1.57%,5.39%
UAA,Under Armour Inc,Textiles & Apparel,5.79,-0.31%,-9.00%,-16.00%,0,0,-1.0,0.5,-1,0.0,0.0,1.0,5.54%,-4.64%,-14.78%,0,0.53x,1.47x,0.00x,23.95x,-9.95%,-4.46%,0.00%,0.00%,0.00%,0.00%,0.00%,0.00%
UBSI,United Bankshares Inc,Banking Services,34.20,-3.19%,-1.00%,2.00%,0,0,0.0,1.0,0,1.0,0.0,1.0,-1.57%,2.89%,-2.23%,13.36x,4.81x,0.97x,0.00x,0.00x,7.32%,1.18%,5.45%,10.00%,15.21%,5.18%,4.10%,1.71%
X,United States Steel Corp,Metals & Mining,43.25,4.13%,-1.00%,14.00%,1,0,0.0,1.0,0,0.0,0.0,1.0,-4.69%,18.44%,7.60%,145.63x,0.64x,0.86x,9.26x,26.84x,0.86%,0.48%,-21.96%,62.87%,4.16%,6.80%,0.47%,0.00%
UTHR,United Therapeutics Corp,Pharmaceuticals,297.04,1.58%,-5.00%,25.00%,1,1,0.0,0.5,0,1.0,0.5,1.0,-2.22%,-12.00%,1.45%,12.31x,4.65x,2.04x,10.81x,2.85x,19.94%,17.01%,12.26%,2.82%,12.13%,6.04%,0.00%,0.00%
OLED,Universal Display Corp,Semiconductors & Semiconductor Equipment ,126.55,-4.97%,-13.00%,-20.00%,1,0,0.0,1.0,0,0.0,1.0,1.0,8.89%,3.41%,-25.04%,30.26x,10.67x,4.17x,25.28x,0.00x,14.58%,12.95%,7.10%,11.85%,3.68%,10.76%,1.24%,31.95%
UNM,Unum Group,Insurance,79.05,-1.41%,-2.00%,55.00%,1,0,1.0,1.0,0,1.0,0.5,1.0,-5.77%,11.49%,36.69%,9.39x,1.09x,1.25x,8.22x,25.02x,14.68%,2.52%,5.81%,9.85%,3.40%,3.95%,2.11%,7.57%
USFD,US Foods Holding Corp,Food & Drug Retailing ,64.77,0.12%,0.00%,25.00%,0,0,1.0,1.0,1,0.0,1.0,1.0,10.24%,10.91%,26.08%,34.86x,0.46x,3.80x,18.06x,52.05x,11.16%,3.90%,20.95%,18.64%,5.04%,5.80%,0.00%,0.00%
MTN,Vail Resorts Inc,Hotels & Entertainment Services,140.77,-1.97%,-13.00%,-29.00%,0,0,0.0,0.5,0,0.0,0.0,1.0,-0.50%,-2.06%,-31.07%,21.76x,1.88x,10.44x,9.87x,76.81x,38.12%,4.85%,25.21%,4.21%,3.54%,4.17%,5.98%,6.77%
VAL,Valaris Ltd,Oil & Gas Related Equipment and Services,32.65,-7.77%,-16.00%,-52.00%,0,0,,1.0,0,0.0,0.0,1.0,4.56%,-15.26%,-56.45%,8.47x,1.04x,1.16x,5.91x,32.88x,14.66%,6.98%,0.00%,0.00%,0.00%,0.00%,0.00%,0.00%
VLY,Valley National Bancorp,Banking Services,8.63,-5.13%,-2.00%,17.00%,0,0,0.0,1.0,0,0.0,0.5,1.0,-6.55%,-7.52%,3.06%,12.66x,2.60x,0.68x,11.01x,0.00x,5.36%,0.63%,50.00%,23.66%,8.78%,8.87%,5.06%,0.00%
VMI,Valmont Industries Inc,Construction & Engineering,293.20,-2.14%,1.00%,39.00%,1,0,0.0,0.5,0,0.0,0.5,1.0,-1.01%,-9.79%,9.67%,18.19x,1.54x,3.83x,14.17x,30.16x,22.84%,10.22%,5.58%,8.98%,0.08%,4.77%,0.87%,9.86%
VVV,Valvoline Inc,Personal &Household Products & Services,34.30,-0.06%,-1.00%,-19.00%,0,0,0.0,0.5,0,0.0,0.5,1.0,-7.79%,-5.56%,-24.32%,16.46x,2.60x,17.48x,11.39x,81.22x,174.55%,10.33%,1.27%,17.61%,5.65%,15.43%,0.00%,0.00%
VFC,VF Corp,Textiles & Apparel,11.57,-18.11%,-27.00%,-10.00%,-1,1,1.0,0.5,0,0.0,0.0,1.0,-1.07%,-51.91%,-10.41%,71.21x,0.50x,3.18x,14.40x,72.79x,4.41%,0.66%,16.22%,29.07%,0.11%,3.52%,2.96%,-28.30%
VNOM,Viper Energy Inc,Oil & Gas,42.12,-2.70%,-6.00%,5.00%,0,0,-1.0,1.0,0,-1.0,1.0,1.0,-8.38%,-16.51%,-3.18%,10.54x,12.83x,3.28x,12.95x,13.38x,20.80%,12.82%,-21.78%,11.39%,38.49%,20.09%,6.17%,5.69%
VC,Visteon Corp,Automobiles & Auto Parts,80.22,-3.14%,1.00%,-30.00%,1,0,0.0,1.0,0,1.0,0.5,1.0,1.08%,-3.00%,-31.90%,7.87x,0.59x,1.75x,5.64x,18.40x,25.15%,10.70%,-26.89%,7.93%,-4.82%,3.65%,0.00%,0.00%
VNT,Vontier Corp,Electronic Equipment & Parts,31.34,-2.77%,-5.00%,-24.00%,1,0,0.0,1.0,0,0.0,1.0,,7.45%,-2.90%,-20.23%,14.58x,1.79x,4.85x,10.56x,65.44x,35.88%,8.68%,0.00%,0.00%,0.00%,0.00%,0.28%,0.00%
VNO,Vornado Realty Trust,Residential & Commercial REITs,36.36,-5.80%,-3.00%,36.00%,0,0,-1.0,1.0,0,0.0,0.0,0.0,-1.67%,-1.96%,40.75%,71.55x,3.94x,1.73x,13.74x,55.58x,2.45%,0.79%,875.00%,-84.62%,2.54%,4.91%,1.99%,-22.46%
VOYA,Voya Financial Inc,Investment Banking & Investment Services,59.73,-3.33%,-12.00%,-14.00%,1,0,0.0,1.0,1,0.0,0.5,0.0,6.04%,-5.02%,-19.08%,12.57x,0.81x,1.47x,0.00x,24.86x,12.44%,0.37%,12.28%,19.90%,-3.54%,5.76%,2.70%,39.66%
WMG^G11,Warner Music Group Corp,Media & Publishing,29.63,-5.27%,-5.00%,-8.00%,0,0,0.0,-1.0,0,-1.0,0.5,1.0,-16.24%,-23.25%,-24.48%,30.30x,2.15x,23.93x,16.88x,84.46x,89.20%,5.09%,0.00%,0.00%,0.00%,0.00%,2.76%,0.00%
WSO,Watsco Inc,"Machinery, Equipment & Components",455.78,-4.80%,-9.00%,3.00%,0,0,0.0,-1.0,0,-1.0,0.0,1.0,-5.50%,-7.30%,-14.25%,35.02x,2.45x,6.93x,27.80x,0.45x,18.91%,14.21%,8.05%,8.77%,4.08%,5.30%,2.63%,10.51%
WTS,Watts Water Technologies Inc,"Machinery, Equipment & Components",206.26,-0.87%,1.00%,3.00%,1,0,0.0,1.0,0,1.0,0.5,1.0,7.10%,14.03%,1.60%,27.36x,3.56x,4.50x,22.96x,10.01x,17.61%,12.11%,4.74%,6.79%,1.34%,3.60%,0.87%,12.89%
WFRD,Weatherford International plc,Oil & Gas Related Equipment and Services,42.12,-4.85%,-20.00%,-67.00%,1,0,,0.5,0,-1.0,1.0,1.0,4.51%,-31.21%,-64.36%,7.34x,0.63x,2.48x,4.02x,54.13x,38.48%,10.11%,0.00%,0.00%,0.00%,0.00%,2.17%,0.00%
WBS,Webster Financial Corp,Banking Services,47.64,-3.06%,-7.00%,5.00%,0,0,1.0,1.0,0,0.0,1.0,1.0,0.55%,-6.85%,3.28%,11.55x,3.28x,0.97x,10.36x,0.00x,8.68%,1.00%,6.69%,12.54%,10.33%,5.18%,3.12%,0.90%
WEN,Wendy's Co,Hotels & Entertainment Services,12.80,-3.85%,-13.00%,-37.00%,0,1,0.0,-1.0,-1,0.0,0.0,0.0,-15.85%,-20.98%,-41.54%,12.27x,0.99x,17.29x,6.29x,96.25x,90.40%,3.79%,-4.00%,9.38%,-2.09%,4.15%,4.87%,18.95%
WCC,Wesco International Inc,"Machinery, Equipment & Components",162.15,-3.15%,3.00%,4.00%,0,0,0.0,1.0,0,0.0,1.0,1.0,-3.24%,-10.02%,-19.81%,12.56x,0.37x,1.61x,9.52x,50.63x,13.23%,4.65%,7.85%,18.95%,3.09%,4.27%,1.09%,0.00%
WAL,Western Alliance Bancorporation,Banking Services,70.40,-7.82%,-8.00%,19.00%,0,0,0.0,1.0,0,0.0,1.0,1.0,-4.22%,-15.71%,1.95%,9.92x,2.48x,1.20x,8.67x,0.00x,12.74%,1.01%,20.50%,21.06%,6.97%,9.86%,2.10%,24.41%
WU,Western Union Co,Professional & Commercial Services  ,10.16,-1.53%,-3.00%,-25.00%,1,0,0.0,-1.0,-1,-1.0,0.0,1.0,-11.19%,-6.11%,-32.34%,3.57x,0.77x,3.40x,2.92x,74.82x,136.84%,11.16%,2.30%,3.93%,-1.81%,1.67%,9.76%,3.28%
WLK,Westlake Corp,Chemicals,93.06,-12.60%,-6.00%,-38.00%,0,0,0.0,-1.0,0,-1.0,0.5,,-28.32%,-32.00%,-58.21%,24.32x,0.77x,0.89x,5.98x,29.69x,3.71%,2.05%,-52.11%,105.20%,-1.80%,6.55%,2.90%,14.87%
WEX,WEX Inc,Professional & Commercial Services  ,130.47,0.02%,-16.00%,-40.00%,0,0,0.0,0.5,0,-1.0,0.5,1.0,-0.90%,-5.97%,-36.01%,17.68x,1.80x,5.79x,7.35x,87.33x,24.37%,2.22%,-1.51%,11.63%,-1.36%,5.18%,0.00%,0.00%
WHR,Whirlpool Corp,Household Goods,77.06,-7.05%,-14.00%,-18.00%,0,0,0.0,0.5,0,-1.0,0.0,1.0,-7.59%,-23.26%,-20.39%,507.87x,0.27x,1.66x,9.02x,72.08x,0.28%,0.90%,-26.13%,18.40%,-6.16%,1.25%,9.01%,8.06%
WING,Wingstop Inc,Hotels & Entertainment Services,224.67,4.10%,1.00%,-41.00%,1,0,-1.0,1.0,1,0.0,0.5,0.0,38.56%,36.10%,-22.93%,53.84x,13.76x,0.00x,46.06x,245.34x,0.00%,31.06%,4.89%,27.72%,16.17%,17.68%,0.34%,19.63%
WTFC,Wintrust Financial Corp,Banking Services,112.15,-2.93%,-1.00%,12.00%,1,0,0.0,1.0,0,1.0,1.0,1.0,0.06%,-3.50%,8.72%,11.74x,3.19x,1.28x,10.23x,0.00x,11.93%,1.13%,4.46%,4.09%,8.63%,5.35%,1.68%,12.47%
WWD,Woodward Inc,Aerospace & Defense,181.45,-1.12%,-1.00%,21.00%,1,0,0.0,1.0,0,1.0,0.5,1.0,6.82%,13.54%,2.64%,33.29x,3.65x,5.25x,24.75x,28.06x,16.35%,8.61%,3.60%,17.38%,4.04%,8.01%,0.54%,9.01%
WPC,WP Carey Inc,Residential & Commercial REITs,60.76,-1.68%,-3.00%,10.00%,0,0,0.0,-1.0,0,-1.0,0.0,1.0,-6.87%,3.04%,-7.55%,31.06x,8.23x,1.58x,13.95x,48.46x,5.02%,2.45%,92.34%,8.21%,3.29%,5.85%,5.91%,-4.78%
WH,Wyndham Hotels & Resorts Inc,Hotels & Entertainment Services,86.39,-0.91%,-5.00%,15.00%,0,0,0.0,0.5,1,,1.0,1.0,-5.93%,-20.39%,9.86%,20.23x,4.61x,11.39x,16.38x,81.37x,53.31%,8.04%,0.00%,0.00%,0.00%,0.00%,1.93%,5.55%
XPO,XPO Inc,Freight & Logistics Services,97.53,-5.49%,-10.00%,-13.00%,1,0,0.0,1.0,-1,1.0,1.0,0.0,7.52%,-6.06%,2.27%,36.64x,1.75x,8.55x,15.81x,67.44x,26.18%,5.03%,-3.66%,27.91%,-0.07%,4.41%,0.00%,0.00%
YETI,Yeti Holdings Inc,Leisure Products,28.64,-6.31%,-13.00%,-20.00%,1,0,0.0,0.5,0,0.0,0.5,1.0,-2.59%,-14.52%,-29.40%,14.54x,1.36x,3.26x,11.03x,9.25x,25.01%,14.97%,-26.74%,26.00%,2.84%,5.47%,0.00%,0.00%
ZION,Zions Bancorporation NA,Banking Services,44.94,-4.28%,-9.00%,7.00%,1,1,0.0,0.5,0,1.0,0.0,1.0,-2.57%,-10.79%,-2.58%,9.12x,2.18x,1.11x,7.80x,0.00x,13.01%,0.92%,3.84%,6.61%,4.32%,4.06%,3.66%,5.34%
GTM,Zoominfo Technologies Inc,Software & IT Services,10.31,-5.07%,18.00%,-27.00%,0,0,0.0,0.0,0,-1.0,,,2.70%,1.01%,-34.28%,77.90x,2.67x,1.94x,25.11x,42.70x,2.23%,0.62%,1.04%,5.15%,-1.16%,2.53%,0.00%,0.00%
